timestamp,fft_hr,fft_hr_smoothed,breathing_rate
2025-01-12 09:24,60,60.12759,13.000001
2025-01-12 09:24,54.000004,60.19251,
2025-01-12 09:24,66,60.211433,
2025-01-12 09:24,60,60.22833,
2025-01-12 09:24,60,60.243347,
2025-01-12 09:25,60,60.303375,
2025-01-12 09:25,48,60.368607,
2025-01-12 09:25,48,60.439022,
2025-01-12 09:25,54.000004,60.471855,
2025-01-12 09:25,66,60.54478,
2025-01-12 09:25,72,60.581715,
2025-01-12 09:26,66,60.61711,
2025-01-12 09:26,60,60.6506,
2025-01-12 09:26,60,60.68196,
2025-01-12 09:26,,60.71096,12.500001
2025-01-12 09:26,54.000004,60.737473,
2025-01-12 09:26,60,60.761387,
2025-01-12 09:26,60,60.78267,
2025-01-12 09:27,60,60.801277,
2025-01-12 09:27,60,60.817284,
2025-01-12 09:27,66,60.830772,
2025-01-12 09:27,60,60.84183,
2025-01-12 09:27,60,60.82084,
2025-01-12 09:27,60,60.8236,
2025-01-12 09:27,66,60.852688,
2025-01-12 09:28,60,60.87331,
2025-01-12 09:28,60,60.875847,
2025-01-12 09:28,,60.876877,13.000001
2025-01-12 09:28,54.000004,60.902813,
2025-01-12 09:28,60,60.90418,
2025-01-12 09:28,66,60.929806,
2025-01-12 09:28,66,60.956158,
2025-01-12 09:29,60,60.998917,
2025-01-12 09:29,60,60.97175,
2025-01-12 09:29,60,61.01095,
2025-01-12 09:29,66,61.05001,
2025-01-12 09:29,66,61.06397,
2025-01-12 09:29,66,61.139423,
2025-01-12 09:29,60,61.210503,
2025-01-12 09:30,66,61.241833,
2025-01-12 09:30,60,61.22351,
2025-01-12 09:30,60,61.18782,13.000001
2025-01-12 09:30,60,61.175987,
2025-01-12 09:30,60,61.185062,
2025-01-12 09:30,60,61.218254,
2025-01-12 09:30,60,61.282207,
2025-01-12 09:31,60,61.31731,
2025-01-12 09:31,60,61.35571,
2025-01-12 09:31,60,61.372437,
2025-01-12 09:31,60,61.41505,
2025-01-12 09:31,60,61.46157,
2025-01-12 09:31,60,61.492775,
2025-01-12 09:32,54.000004,61.550278,
2025-01-12 09:32,60,61.61204,
2025-01-12 09:32,66,61.67816,
2025-01-12 09:32,,61.72929,13.500001
2025-01-12 09:32,60,61.83224,
2025-01-12 09:32,60,61.917496,
2025-01-12 09:32,66,62.020298,
2025-01-12 09:32,60,62.107105,
2025-01-12 09:33,66,62.19846,
2025-01-12 09:33,60,62.27471,
2025-01-12 09:33,60,62.357624,
2025-01-12 09:33,54.000004,62.466137,
2025-01-12 09:33,66,62.577774,
2025-01-12 09:33,66,62.692204,
2025-01-12 09:33,60,62.789642,
2025-01-12 09:34,66,62.89172,
2025-01-12 09:34,66,62.99782,
2025-01-12 09:34,,63.1268,13.000001
2025-01-12 09:34,60,63.236557,
2025-01-12 09:34,60,63.368217,
2025-01-12 09:34,60,63.499157,
2025-01-12 09:34,60,63.62903,
2025-01-12 09:35,66,63.757477,
2025-01-12 09:35,72,63.884186,
2025-01-12 09:35,60,64.00879,
2025-01-12 09:35,66,64.15629,
2025-01-12 09:35,60,64.30444,
2025-01-12 09:35,66,64.4026,
2025-01-12 09:35,66,64.52002,
2025-01-12 09:36,66,64.63424,
2025-01-12 09:36,66,64.745,
2025-01-12 09:36,66,64.87157,13.500001
2025-01-12 09:36,66,64.97231,
2025-01-12 09:36,66,65.049805,
2025-01-12 09:36,72,65.132416,
2025-01-12 09:36,66,65.2254,
2025-01-12 09:37,66,65.31383,
2025-01-12 09:37,60,65.37819,
2025-01-12 09:37,66,65.45994,
2025-01-12 09:37,66,65.51734,
2025-01-12 09:37,66,65.591896,
2025-01-12 09:37,66,65.66143,
2025-01-12 09:38,66,65.74551,
2025-01-12 09:38,66,65.78333,
2025-01-12 09:38,66,65.819244,
2025-01-12 09:38,,65.89793,14.000001
2025-01-12 09:38,66,65.95585,
2025-01-12 09:38,66,65.99017,
2025-01-12 09:38,66,66.03608,
2025-01-12 09:38,66,66.08538,
2025-01-12 09:39,66,66.1309,
2025-01-12 09:39,66,66.12224,
2025-01-12 09:39,66,66.15415,
2025-01-12 09:39,66,66.18822,
2025-01-12 09:39,66,66.154526,
2025-01-12 09:39,72,66.15816,
2025-01-12 09:39,72,66.13506,
2025-01-12 09:40,60,66.126625,
2025-01-12 09:40,66,66.09104,
2025-01-12 09:40,,66.05018,13.500001
2025-01-12 09:40,66,66.02902,
2025-01-12 09:40,66,65.97994,
2025-01-12 09:40,66,65.92493,
2025-01-12 09:40,66,65.86366,
2025-01-12 09:41,66,65.79594,
2025-01-12 09:41,66,65.72736,
2025-01-12 09:41,66,65.67728,
2025-01-12 09:41,66,65.62361,
2025-01-12 09:41,66,65.58611,
2025-01-12 09:41,66,65.4983,
2025-01-12 09:41,66,65.43005,
2025-01-12 09:42,66,65.359535,
2025-01-12 09:42,66,65.28719,
2025-01-12 09:42,66,65.21353,14.000001
2025-01-12 09:42,66,65.13909,
2025-01-12 09:42,72,65.039154,
2025-01-12 09:42,72,64.93633,
2025-01-12 09:42,66,64.85624,
2025-01-12 09:43,66,64.7773,
2025-01-12 09:43,66,64.67484,
2025-01-12 09:43,66,64.59683,
2025-01-12 09:43,54.000004,64.52166,
2025-01-12 09:43,66,64.449936,
2025-01-12 09:43,72,64.38232,
2025-01-12 09:44,60,64.29405,
2025-01-12 09:44,60,64.232925,
2025-01-12 09:44,60,64.13239,
2025-01-12 09:44,,64.06214,13.000001
2025-01-12 09:44,60,64.038956,
2025-01-12 09:44,60,63.99946,
2025-01-12 09:44,66,63.966118,
2025-01-12 09:44,60,63.93917,
2025-01-12 09:45,60,63.918694,
2025-01-12 09:45,60,63.904743,
2025-01-12 09:45,60,63.89731,
2025-01-12 09:45,66,63.896324,
2025-01-12 09:45,66,63.901638,
2025-01-12 09:45,66,63.913067,
2025-01-12 09:45,66,63.930393,
2025-01-12 09:46,60,63.953346,
2025-01-12 09:46,66,63.981598,
2025-01-12 09:46,,64.01484,14.000001
2025-01-12 09:46,66,64.05268,
2025-01-12 09:46,66,64.09477,
2025-01-12 09:46,66,64.14071,
2025-01-12 09:46,60,64.19011,
2025-01-12 09:47,60,64.22311,
2025-01-12 09:47,66,64.26128,
2025-01-12 09:47,66,64.32345,
2025-01-12 09:47,60,64.38703,
2025-01-12 09:47,66,64.45169,
2025-01-12 09:47,66,64.517105,
2025-01-12 09:47,66,64.62193,
2025-01-12 09:48,66,64.68293,
2025-01-12 09:48,60,64.72487,
2025-01-12 09:48,66,64.80838,14.000001
2025-01-12 09:48,60,64.88896,
2025-01-12 09:48,66,64.96664,
2025-01-12 09:48,66,65.041405,
2025-01-12 09:48,66,65.11328,
2025-01-12 09:49,66,65.18228,
2025-01-12 09:49,66,65.22894,
2025-01-12 09:49,66,65.29473,
2025-01-12 09:49,66,65.35743,
2025-01-12 09:49,66,65.417046,
2025-01-12 09:49,66,65.47363,
2025-01-12 09:50,66,65.50773,
2025-01-12 09:50,66,65.541374,
2025-01-12 09:50,66,65.57434,
2025-01-12 09:50,,65.606445,13.500001
2025-01-12 09:50,66,65.657005,
2025-01-12 09:50,66,65.6844,
2025-01-12 09:50,66,65.71076,
2025-01-12 09:50,66,65.7613,
2025-01-12 09:51,66,65.78863,
2025-01-12 09:51,66,65.81496,
2025-01-12 09:51,66,65.85972,
2025-01-12 09:51,66,65.90091,
2025-01-12 09:51,66,65.919304,
2025-01-12 09:51,66,65.93711,
2025-01-12 09:51,66,65.9738,
2025-01-12 09:52,66,65.99633,
2025-01-12 09:52,66,66.03649,
2025-01-12 09:52,,66.05441,14.000001
2025-01-12 09:52,66,66.07231,
2025-01-12 09:52,66,66.05906,
2025-01-12 09:52,66,66.017044,
2025-01-12 09:52,66,66.03801,
2025-01-12 09:53,66,66.035904,
2025-01-12 09:53,66,66.032875,
2025-01-12 09:53,66,66.02886,
2025-01-12 09:53,66,66.04909,
2025-01-12 09:53,66,66.046234,
2025-01-12 09:53,66,66.042465,
2025-01-12 09:53,66,66.06311,
2025-01-12 09:54,66,66.06931,
2025-01-12 09:54,66,66.067535,
2025-01-12 09:54,66,66.06524,14.000001
2025-01-12 09:54,66,66.06245,
2025-01-12 09:54,66,66.05924,
2025-01-12 09:54,66,66.080956,
2025-01-12 09:54,66,66.08039,
2025-01-12 09:55,66,66.1052,
2025-01-12 09:55,72,66.10823,
2025-01-12 09:55,66,66.11183,
2025-01-12 09:55,66,66.1161,
2025-01-12 09:55,66,66.121124,
2025-01-12 09:55,66,66.12699,
2025-01-12 09:56,66,66.108475,
2025-01-12 09:56,66,66.112885,
2025-01-12 09:56,66,66.11799,
2025-01-12 09:56,,66.12381,14.000001
2025-01-12 09:56,72,66.15565,
2025-01-12 09:56,66,66.19153,
2025-01-12 09:56,66,66.231674,
2025-01-12 09:56,54.000004,66.22569,
2025-01-12 09:57,54.000004,66.217705,
2025-01-12 09:57,66,66.20731,
2025-01-12 09:57,66,66.16873,
2025-01-12 09:57,66,66.19938,
2025-01-12 09:57,66,66.20727,
2025-01-12 09:57,72,66.18912,
2025-01-12 09:57,66,66.192,
2025-01-12 09:58,66,66.184975,
2025-01-12 09:58,72,66.15833,
2025-01-12 09:58,,66.151695,14.000001
2025-01-12 09:58,66,66.117355,
2025-01-12 09:58,66,66.05179,
2025-01-12 09:58,66,66.05252,
2025-01-12 09:58,66,65.97706,
2025-01-12 09:59,72,65.942154,
2025-01-12 09:59,66,65.87809,
2025-01-12 09:59,72,65.80687,
2025-01-12 09:59,66,65.72838,
2025-01-12 09:59,66,65.62305,
2025-01-12 09:59,66,65.532326,
2025-01-12 09:59,66,65.43403,
2025-01-12 10:00,66,65.32829,
2025-01-12 10:00,60,65.215355,
2025-01-12 10:00,66,65.12072,12.500001
2025-01-12 10:00,66,64.99752,
2025-01-12 10:00,66,64.86837,
2025-01-12 10:00,72,64.72723,
2025-01-12 10:00,72,64.56893,
2025-01-12 10:01,72,64.42803,
2025-01-12 10:01,60,64.28289,
2025-01-12 10:01,60,64.17304,
2025-01-12 10:01,60,64.08048,
2025-01-12 10:01,54.000004,63.92012,
2025-01-12 10:01,72,63.759323,
2025-01-12 10:02,66,63.598667,
2025-01-12 10:02,60,63.438725,
2025-01-12 10:02,66,63.285862,
2025-01-12 10:02,,63.134815,12.000001
2025-01-12 10:02,60,62.986088,
2025-01-12 10:02,66,62.820652,
2025-01-12 10:02,60,62.67397,
2025-01-12 10:02,54.000004,62.537968,
2025-01-12 10:03,72,62.405636,
2025-01-12 10:03,54.000004,62.327927,
2025-01-12 10:03,66,62.235867,
2025-01-12 10:03,60,62.107452,
2025-01-12 10:03,60,62.006615,
2025-01-12 10:03,60,61.89175,
2025-01-12 10:03,60,61.804424,
2025-01-12 10:04,60,61.73086,
2025-01-12 10:04,60,61.680584,
2025-01-12 10:04,,61.61369,13.500001
2025-01-12 10:04,60,61.552326,
2025-01-12 10:04,66,61.51578,
2025-01-12 10:04,60,61.46242,
2025-01-12 10:04,60,61.439495,
2025-01-12 10:05,60,61.399437,
2025-01-12 10:05,60,61.34466,
2025-01-12 10:05,60,61.296772,
2025-01-12 10:05,60,61.255085,
2025-01-12 10:05,60,61.283195,
2025-01-12 10:05,66,61.31452,
2025-01-12 10:05,60,61.3745,
2025-01-12 10:06,60,61.460808,
2025-01-12 10:06,60,61.493458,
2025-01-12 10:06,60,61.533215,13.000001
2025-01-12 10:06,66,61.574112,
2025-01-12 10:06,60,61.596497,
2025-01-12 10:06,60,61.628643,
2025-01-12 10:06,60,61.67571,
2025-01-12 10:07,60,61.70313,
2025-01-12 10:07,60,61.777462,
2025-01-12 10:07,60,61.873676,
2025-01-12 10:07,72,61.886055,
2025-01-12 10:07,66,61.961197,
2025-01-12 10:07,60,61.993343,
2025-01-12 10:08,60,62.045856,
2025-01-12 10:08,60,62.09613,
2025-01-12 10:08,60,62.169136,
2025-01-12 10:08,,62.24251,13.000001
2025-01-12 10:08,66,62.290867,
2025-01-12 10:08,60,62.38671,
2025-01-12 10:08,60,62.485764,
2025-01-12 10:08,60,62.53759,
2025-01-12 10:09,60,62.61753,
2025-01-12 10:09,66,62.67217,
2025-01-12 10:09,60,62.723415,
2025-01-12 10:09,60,62.770985,
2025-01-12 10:09,60,62.839905,
2025-01-12 10:09,60,62.907913,
2025-01-12 10:09,66,62.958187,
2025-01-12 10:10,66,62.971626,
2025-01-12 10:10,72,62.957912,
2025-01-12 10:10,,62.957973,13.000001
2025-01-12 10:10,72,62.949066,
2025-01-12 10:10,66,62.90541,
2025-01-12 10:10,60,62.899086,
2025-01-12 10:10,60,62.916637,
2025-01-12 10:11,60,62.955486,
2025-01-12 10:11,60,62.94329,
2025-01-12 10:11,60,62.949936,
2025-01-12 10:11,66,62.928177,
2025-01-12 10:11,66,62.925747,
2025-01-12 10:11,60,62.92083,
2025-01-12 10:11,60,62.858086,
2025-01-12 10:12,60,62.80768,
2025-01-12 10:12,60,62.774334,
2025-01-12 10:12,60,62.76139,15.500001
2025-01-12 10:12,66,62.721943,
2025-01-12 10:12,66,62.65336,
2025-01-12 10:12,60,62.622063,
2025-01-12 10:12,72,62.57865,
2025-01-12 10:13,72,62.532494,
2025-01-12 10:13,60,62.48407,
2025-01-12 10:13,72,62.40843,
2025-01-12 10:13,60,62.353233,
2025-01-12 10:13,60,62.226524,
2025-01-12 10:13,60,62.164608,
2025-01-12 10:14,66,62.101044,
2025-01-12 10:14,66,62.061405,
2025-01-12 10:14,,61.998707,13.000001
2025-01-12 10:14,54.000004,61.915955,
2025-01-12 10:14,54.000004,61.8353,
2025-01-12 10:14,54.000004,61.73725,
2025-01-12 10:14,54.000004,61.6436,
2025-01-12 10:15,48,61.57942,
2025-01-12 10:15,60,61.5671,
2025-01-12 10:15,72,61.556904,
2025-01-12 10:15,72,61.549347,
2025-01-12 10:15,60,61.51963,
2025-01-12 10:15,66,61.51555,
2025-01-12 10:15,60,61.490005,
2025-01-12 10:16,66,61.45443,
2025-01-12 10:16,66,61.440445,
2025-01-12 10:16,,61.42759,13.500001
2025-01-12 10:16,60,61.44128,
2025-01-12 10:16,60,61.43434,
2025-01-12 10:16,66,61.454445,
2025-01-12 10:16,60,61.479614,
2025-01-12 10:17,54.000004,61.51605,
2025-01-12 10:17,66,61.538647,
2025-01-12 10:17,66,61.56386,
2025-01-12 10:17,60,61.577923,
2025-01-12 10:17,60,61.602722,
2025-01-12 10:17,54.000004,61.70215,
2025-01-12 10:17,60,61.77086,
2025-01-12 10:18,48,61.892178,
2025-01-12 10:18,60,62.021893,
2025-01-12 10:18,60,62.135048,13.000001
2025-01-12 10:18,66,62.259636,
2025-01-12 10:18,60,62.344902,
2025-01-12 10:18,60,62.47296,
2025-01-12 10:18,60,62.65759,
2025-01-12 10:19,60,62.84717,
2025-01-12 10:19,60,63.041847,
2025-01-12 10:19,66,63.241745,
2025-01-12 10:19,72,63.441017,
2025-01-12 10:19,66,63.55002,
2025-01-12 10:19,66,63.617527,
2025-01-12 10:20,60,63.660767,
2025-01-12 10:20,66,63.738735,
2025-01-12 10:20,60,63.78567,
2025-01-12 10:20,,63.841312,15
2025-01-12 10:20,66,63.938107,
2025-01-12 10:20,60,64.055786,
2025-01-12 10:20,66,64.1337,
2025-01-12 10:20,60,64.23226,
2025-01-12 10:21,66,64.32128,
2025-01-12 10:21,66,64.38082,
2025-01-12 10:21,72,64.47733,
2025-01-12 10:21,66,64.58595,
2025-01-12 10:21,60,64.64596,
2025-01-12 10:21,66,64.70204,
2025-01-12 10:21,66,64.76552,
2025-01-12 10:22,72,64.80529,
2025-01-12 10:22,72,64.85624,
2025-01-12 10:22,,64.8523,16
2025-01-12 10:22,72,64.877396,
2025-01-12 10:22,66,64.82382,
2025-01-12 10:22,72,64.83458,
2025-01-12 10:22,60,64.8247,
2025-01-12 10:23,66,64.83689,
2025-01-12 10:23,72,64.850235,
2025-01-12 10:23,72,64.86608,
2025-01-12 10:23,72,64.885765,
2025-01-12 10:23,72,64.88524,
2025-01-12 10:23,66,64.86822,
2025-01-12 10:24,54.000004,64.854965,
2025-01-12 10:24,54.000004,64.88122,
2025-01-12 10:24,48,64.86737,15
2025-01-12 10:24,48,64.877365,
2025-01-12 10:24,48,64.92028,
2025-01-12 10:24,48,64.993645,
2025-01-12 10:24,66,65.04381,
2025-01-12 10:25,72,65.11272,
2025-01-12 10:25,60,65.18697,
2025-01-12 10:25,66,65.22156,
2025-01-12 10:25,66,65.3048,
2025-01-12 10:25,66,65.3722,
2025-01-12 10:25,72,65.44512,
2025-01-12 10:26,72,65.52849,
2025-01-12 10:26,72,65.64078,
2025-01-12 10:26,72,65.72782,
2025-01-12 10:26,,65.76608,14.000001
2025-01-12 10:26,66,65.84901,
2025-01-12 10:26,66,65.860954,
2025-01-12 10:26,60,65.892136,
2025-01-12 10:26,60,65.91876,
2025-01-12 10:27,54.000004,65.96474,
2025-01-12 10:27,72,66.00093,
2025-01-12 10:27,72,65.981636,
2025-01-12 10:27,72,65.988884,
2025-01-12 10:27,72,65.98335,
2025-01-12 10:27,72,65.944984,
2025-01-12 10:27,72,65.895355,
2025-01-12 10:28,66,65.83388,
2025-01-12 10:28,66,65.76022,
2025-01-12 10:28,,65.71896,15.500001
2025-01-12 10:28,72,65.73037,
2025-01-12 10:28,60,65.729256,
2025-01-12 10:28,60,65.71136,
2025-01-12 10:28,72,65.67844,
2025-01-12 10:29,72,65.65759,
2025-01-12 10:29,66,65.62873,
2025-01-12 10:29,72,65.484924,
2025-01-12 10:29,66,65.29341,
2025-01-12 10:29,60,65.18854,
2025-01-12 10:29,66,65.08848,
2025-01-12 10:29,66,64.94399,
2025-01-12 10:30,66,64.775055,
2025-01-12 10:30,72,64.6355,
2025-01-12 10:30,72,64.50384,16.5
2025-01-12 10:30,60,64.38071,
2025-01-12 10:30,54.000004,64.21607,
2025-01-12 10:30,66,64.03558,
2025-01-12 10:30,54.000004,63.866714,
2025-01-12 10:31,60,63.694355,
2025-01-12 10:31,60,63.588196,
2025-01-12 10:31,66,63.456554,
2025-01-12 10:31,60,63.34109,
2025-01-12 10:31,54.000004,63.186558,
2025-01-12 10:31,54.000004,62.98633,
2025-01-12 10:32,60,62.80907,
2025-01-12 10:32,60,62.65694,
2025-01-12 10:32,60,62.48179,
2025-01-12 10:32,,62.30494,16
2025-01-12 10:32,60,62.17034,
2025-01-12 10:32,66,62.00791,
2025-01-12 10:32,72,61.851795,
2025-01-12 10:32,72,61.687733,
2025-01-12 10:33,66,61.536568,
2025-01-12 10:33,66,61.37609,
2025-01-12 10:33,72,61.192852,
2025-01-12 10:33,72,60.983852,
2025-01-12 10:33,60,60.81597,
2025-01-12 10:33,54.000004,60.6005,
2025-01-12 10:34,66,60.418434,
2025-01-12 10:34,72,60.286655,
2025-01-12 10:34,,60.135212,13.500001
2025-01-12 10:34,54.000004,60.013,
2025-01-12 10:34,66,59.823505,
2025-01-12 10:34,66,59.58952,
2025-01-12 10:34,66,59.4065,
2025-01-12 10:35,54.000004,59.24446,
2025-01-12 10:35,48,59.152397,
2025-01-12 10:35,48,58.95058,
2025-01-12 10:35,48,58.89093,
2025-01-12 10:35,60,58.797173,
2025-01-12 10:35,54.000004,58.740524,
2025-01-12 10:35,54.000004,58.663925,
2025-01-12 10:36,60,58.61648,
2025-01-12 10:36,48,58.55317,
2025-01-12 10:36,54.000004,58.52206,16
2025-01-12 10:36,60,58.45673,
2025-01-12 10:36,54.000004,58.426807,
2025-01-12 10:36,54.000004,58.41,
2025-01-12 10:36,60,58.380745,
2025-01-12 10:37,54.000004,58.38592,
2025-01-12 10:37,60,58.357918,
2025-01-12 10:37,60,58.32049,
2025-01-12 10:37,54.000004,58.31957,
2025-01-12 10:37,54.000004,58.350986,
2025-01-12 10:37,60,58.4419,
2025-01-12 10:38,54.000004,58.527668,
2025-01-12 10:38,60,58.579052,
2025-01-12 10:38,54.000004,58.703354,
2025-01-12 10:38,,58.827335,14.000001
2025-01-12 10:38,66,58.9115,
2025-01-12 10:38,66,58.979687,
2025-01-12 10:38,72,59.06646,
2025-01-12 10:38,54.000004,59.142647,
2025-01-12 10:39,48,59.218918,
2025-01-12 10:39,60,59.294342,
2025-01-12 10:39,54.000004,59.36802,
2025-01-12 10:39,66,59.503498,
2025-01-12 10:39,48,59.636765,
2025-01-12 10:39,72,59.726974,
2025-01-12 10:40,66,59.85438,
2025-01-12 10:40,72,59.885544,
2025-01-12 10:40,,59.979076,15.500001
2025-01-12 10:40,66,60.04338,
2025-01-12 10:40,54.000004,60.056095,
2025-01-12 10:40,60,60.10034,
2025-01-12 10:40,54.000004,60.11242,
2025-01-12 10:41,60,60.09508,
2025-01-12 10:41,60,60.115177,
2025-01-12 10:41,54.000004,60.128513,
2025-01-12 10:41,60,60.09072,
2025-01-12 10:41,54.000004,60.065598,
2025-01-12 10:41,54.000004,60.011562,
2025-01-12 10:41,60,59.950775,
2025-01-12 10:42,60,59.902622,
2025-01-12 10:42,72,59.870365,13.500001
2025-01-12 10:42,72,59.787544,
2025-01-12 10:42,60,59.71809,
2025-01-12 10:42,66,59.620564,
2025-01-12 10:43,60,59.536743,
2025-01-12 10:43,60,59.457066,
2025-01-12 10:43,60,59.32327,
2025-01-12 10:43,54.000004,59.212482,
2025-01-12 10:43,48,59.057877,
2025-01-12 10:43,60,58.962036,
2025-01-12 10:44,60,58.852993,
2025-01-12 10:44,60,58.742947,
2025-01-12 10:44,66,58.626713,
2025-01-12 10:44,,58.465935,19.500002
2025-01-12 10:44,54.000004,58.38899,
2025-01-12 10:44,66,58.204876,
2025-01-12 10:44,54.000004,58.044167,
2025-01-12 10:44,66,57.865303,
2025-01-12 10:45,60,57.728745,
2025-01-12 10:45,54.000004,57.629654,
2025-01-12 10:45,54.000004,57.527504,
2025-01-12 10:45,54.000004,57.40362,
2025-01-12 10:45,54.000004,57.30026,
2025-01-12 10:45,60,57.17641,
2025-01-12 10:45,60,57.080093,
2025-01-12 10:46,54.000004,57.000782,
2025-01-12 10:46,54.000004,56.8881,
2025-01-12 10:46,,56.849518,12.500001
2025-01-12 10:46,54.000004,56.844692,
2025-01-12 10:46,54.000004,56.782585,
2025-01-12 10:46,60,56.705036,
2025-01-12 10:46,54.000004,56.59539,
2025-01-12 10:47,54.000004,56.497543,
2025-01-12 10:47,54.000004,56.475147,
2025-01-12 10:47,54.000004,56.467403,
2025-01-12 10:47,60,56.493904,
2025-01-12 10:47,54.000004,56.482094,
2025-01-12 10:47,60,56.47615,
2025-01-12 10:47,54.000004,56.520462,
2025-01-12 10:48,54.000004,56.573235,
2025-01-12 10:48,48,56.57974,
2025-01-12 10:48,60,56.591236,11.500001
2025-01-12 10:48,54.000004,56.60702,
2025-01-12 10:48,54.000004,56.63214,
2025-01-12 10:48,60,56.729465,
2025-01-12 10:48,54.000004,56.814915,
2025-01-12 10:49,54.000004,56.838802,
2025-01-12 10:49,54.000004,56.905727,
2025-01-12 10:49,60,56.931606,
2025-01-12 10:49,66,56.97929,
2025-01-12 10:49,54.000004,57.04515,
2025-01-12 10:49,54.000004,57.106354,
2025-01-12 10:50,54.000004,57.18762,
2025-01-12 10:50,54.000004,57.24115,
2025-01-12 10:50,60,57.269176,
2025-01-12 10:50,,57.318542,12.000001
2025-01-12 10:50,54.000004,57.36075,
2025-01-12 10:50,66,57.42071,
2025-01-12 10:50,72,57.450886,
2025-01-12 10:50,60,57.473255,
2025-01-12 10:51,54.000004,57.487656,
2025-01-12 10:51,54.000004,57.47446,
2025-01-12 10:51,54.000004,57.50039,
2025-01-12 10:51,60,57.521236,
2025-01-12 10:51,66,57.512062,
2025-01-12 10:51,66,57.520565,
2025-01-12 10:51,54.000004,57.50555,
2025-01-12 10:52,54.000004,57.50901,
2025-01-12 10:52,60,57.48982,
2025-01-12 10:52,,57.490124,12.000001
2025-01-12 10:52,54.000004,57.488358,
2025-01-12 10:52,54.000004,57.530067,
2025-01-12 10:52,54.000004,57.482456,
2025-01-12 10:52,60,57.479492,
2025-01-12 10:53,72,57.45212,
2025-01-12 10:53,60,57.42881,
2025-01-12 10:53,54.000004,57.404137,
2025-01-12 10:53,54.000004,57.403748,
2025-01-12 10:53,54.000004,57.405994,
2025-01-12 10:53,54.000004,57.391922,
2025-01-12 10:53,54.000004,57.364506,
2025-01-12 10:54,54.000004,57.38483,
2025-01-12 10:54,60,57.383453,
2025-01-12 10:54,54.000004,57.407963,12.500001
2025-01-12 10:54,54.000004,57.43633,
2025-01-12 10:54,60,57.449238,
2025-01-12 10:54,54.000004,57.475254,
2025-01-12 10:55,60,57.51981,
2025-01-12 10:55,54.000004,57.52907,
2025-01-12 10:55,54.000004,57.52745,
2025-01-12 10:55,54.000004,57.57525,
2025-01-12 10:55,54.000004,57.64706,
2025-01-12 10:55,60,57.745804,
2025-01-12 10:56,60,57.824043,
2025-01-12 10:56,54.000004,57.859066,
2025-01-12 10:56,60,57.90043,
2025-01-12 10:56,,57.94739,12.500001
2025-01-12 10:56,60,58.03814,
2025-01-12 10:56,60,58.12799,
2025-01-12 10:56,60,58.197296,
2025-01-12 10:56,60,58.28084,
2025-01-12 10:57,66,58.370045,
2025-01-12 10:57,54.000004,58.457336,
2025-01-12 10:57,60,58.51729,
2025-01-12 10:57,54.000004,58.577553,
2025-01-12 10:57,60,58.59882,
2025-01-12 10:57,54.000004,58.663643,
2025-01-12 10:57,60,58.746696,
2025-01-12 10:58,60,58.825737,
2025-01-12 10:58,60,58.900826,
2025-01-12 10:58,,58.972,13.000001
2025-01-12 10:58,60,59.014015,
2025-01-12 10:58,54.000004,59.074238,
2025-01-12 10:58,60,59.111053,
2025-01-12 10:58,60,59.165993,
2025-01-12 10:59,60,59.216965,
2025-01-12 10:59,60,59.244614,
2025-01-12 10:59,60,59.315937,
2025-01-12 10:59,60,59.342052,
2025-01-12 10:59,60,59.38693,
2025-01-12 10:59,60,59.428516,
2025-01-12 10:59,60,59.467087,
2025-01-12 11:00,66,59.50283,
2025-01-12 11:00,60,59.51656,
2025-01-12 11:00,54.000004,59.530468,12.500001
2025-01-12 11:00,60,59.564007,
2025-01-12 11:00,60,59.57572,
2025-01-12 11:00,60,59.587833,
2025-01-12 11:00,60,59.60034,
2025-01-12 11:01,60,59.61321,
2025-01-12 11:01,60,59.62646,
2025-01-12 11:01,60,59.640064,
2025-01-12 11:01,60,59.63453,
2025-01-12 11:01,54.000004,59.645493,
2025-01-12 11:02,60,59.656464,
2025-01-12 11:02,60,59.71226,
2025-01-12 11:02,60,59.72407,
2025-01-12 11:02,,59.75588,13.500001
2025-01-12 11:02,60,59.76613,
2025-01-12 11:02,60,59.777023,
2025-01-12 11:02,60,59.788475,
2025-01-12 11:02,54.000004,59.800385,
2025-01-12 11:03,60,59.81267,
2025-01-12 11:03,60,59.870018,
2025-01-12 11:03,60,59.88359,
2025-01-12 11:03,60,59.897808,
2025-01-12 11:03,60,59.912537,
2025-01-12 11:03,66,59.927673,
2025-01-12 11:03,60,59.9431,
2025-01-12 11:04,60,59.958736,
2025-01-12 11:04,60,59.974438,
2025-01-12 11:04,,59.990128,13.500001
2025-01-12 11:04,60,60.005722,
2025-01-12 11:04,60,60.026936,
2025-01-12 11:04,60,60.04788,
2025-01-12 11:04,60,60.087982,
2025-01-12 11:05,60,60.105724,
2025-01-12 11:05,60,60.123287,
2025-01-12 11:05,60,60.140606,
2025-01-12 11:05,60,60.182945,
2025-01-12 11:05,60,60.177647,
2025-01-12 11:05,60,60.194153,
2025-01-12 11:05,60,60.210167,
2025-01-12 11:06,54.000004,60.225613,
2025-01-12 11:06,60,60.259872,
2025-01-12 11:06,66,60.271423,13.500001
2025-01-12 11:06,60,60.282444,
2025-01-12 11:06,60,60.292816,
2025-01-12 11:06,60,60.302452,
2025-01-12 11:06,60,60.31128,
2025-01-12 11:07,60,60.319195,
2025-01-12 11:07,60,60.326134,
2025-01-12 11:07,60,60.376804,
2025-01-12 11:07,66,60.407726,
2025-01-12 11:07,60,60.41608,
2025-01-12 11:07,60,60.42407,
2025-01-12 11:08,60,60.431652,
2025-01-12 11:08,60,60.438797,
2025-01-12 11:08,60,60.451305,
2025-01-12 11:08,,60.48867,13.500001
2025-01-12 11:08,60,60.5036,
2025-01-12 11:08,60,60.543705,
2025-01-12 11:08,60,60.587013,
2025-01-12 11:08,66,60.608536,
2025-01-12 11:09,60,60.63053,
2025-01-12 11:09,60,60.65302,
2025-01-12 11:09,60,60.675953,
2025-01-12 11:09,60,60.724636,
2025-01-12 11:09,60,60.72639,
2025-01-12 11:09,66,60.750675,
2025-01-12 11:09,54.000004,60.800453,
2025-01-12 11:10,60,60.85361,
2025-01-12 11:10,60,60.910294,
2025-01-12 11:10,,60.970623,13.500001
2025-01-12 11:10,60,61.02887,
2025-01-12 11:10,60,61.065594,
2025-01-12 11:10,60,61.08333,
2025-01-12 11:10,60,61.12323,
2025-01-12 11:11,60,61.162758,
2025-01-12 11:11,60,61.226925,
2025-01-12 11:11,60,61.268074,
2025-01-12 11:11,60,61.308163,
2025-01-12 11:11,66,61.37217,
2025-01-12 11:11,66,61.437756,
2025-01-12 11:11,60,61.485413,
2025-01-12 11:12,60,61.556587,
2025-01-12 11:12,60,61.629013,
2025-01-12 11:12,60,61.67738,14.000001
2025-01-12 11:12,66,61.72371,
2025-01-12 11:12,66,61.793015,
2025-01-12 11:12,60,61.863117,
2025-01-12 11:12,66,61.93409,
2025-01-12 11:13,66,62.005993,
2025-01-12 11:13,60,62.104256,
2025-01-12 11:13,60,62.162224,
2025-01-12 11:13,60,62.243763,
2025-01-12 11:13,60,62.326733,
2025-01-12 11:13,66,62.411278,
2025-01-12 11:14,54.000004,62.497543,
2025-01-12 11:14,60,62.56032,
2025-01-12 11:14,66,62.62751,
2025-01-12 11:14,,62.71253,13.500001
2025-01-12 11:14,66,62.79903,
2025-01-12 11:14,66,62.886982,
2025-01-12 11:14,60,62.951077,
2025-01-12 11:14,60,63.038517,
2025-01-12 11:15,60,63.101658,
2025-01-12 11:15,60,63.162334,
2025-01-12 11:15,60,63.22008,
2025-01-12 11:15,66,63.27445,
2025-01-12 11:15,60,63.35023,
2025-01-12 11:15,60,63.424965,
2025-01-12 11:15,66,63.49843,
2025-01-12 11:16,66,63.550922,
2025-01-12 11:16,66,63.604244,
2025-01-12 11:16,,63.677418,14.000001
2025-01-12 11:16,66,63.74809,
2025-01-12 11:16,60,63.81614,
2025-01-12 11:16,60,63.881523,
2025-01-12 11:16,66,63.92476,
2025-01-12 11:17,66,63.96781,
2025-01-12 11:17,66,64.02999,
2025-01-12 11:17,66,64.069664,
2025-01-12 11:17,72,64.10903,
2025-01-12 11:17,66,64.16749,
2025-01-12 11:17,66,64.22306,
2025-01-12 11:17,66,64.250725,
2025-01-12 11:18,66,64.28964,
2025-01-12 11:18,66,64.31417,
2025-01-12 11:18,60,64.378174,13.500001
2025-01-12 11:18,66,64.41829,
2025-01-12 11:18,60,64.43764,
2025-01-12 11:18,66,64.45852,
2025-01-12 11:18,66,64.480995,
2025-01-12 11:19,60,64.505135,
2025-01-12 11:19,66,64.55042,
2025-01-12 11:19,60,64.59494,
2025-01-12 11:19,60,64.63893,
2025-01-12 11:19,60,64.65731,
2025-01-12 11:19,60,64.69756,
2025-01-12 11:20,66,64.71808,
2025-01-12 11:20,66,64.76044,
2025-01-12 11:20,66,64.80247,
2025-01-12 11:20,,64.79944,14.5
2025-01-12 11:20,66,64.8206,
2025-01-12 11:20,66,64.84346,
2025-01-12 11:20,66,64.86775,
2025-01-12 11:20,66,64.89317,
2025-01-12 11:21,66,64.93899,
2025-01-12 11:21,66,64.98291,
2025-01-12 11:21,66,65.00553,
2025-01-12 11:21,66,65.028824,
2025-01-12 11:21,66,65.05259,
2025-01-12 11:21,66,65.07662,
2025-01-12 11:21,66,65.08126,
2025-01-12 11:22,66,65.10783,
2025-01-12 11:22,60,65.133965,
2025-01-12 11:22,,65.15959,14.000001
2025-01-12 11:22,66,65.18468,
2025-01-12 11:22,66,65.209175,
2025-01-12 11:22,66,65.25258,
2025-01-12 11:22,66,65.273445,
2025-01-12 11:23,66,65.313545,
2025-01-12 11:23,66,65.33143,
2025-01-12 11:23,66,65.34939,
2025-01-12 11:23,66,65.38694,
2025-01-12 11:23,66,65.40265,
2025-01-12 11:23,66,65.43826,
2025-01-12 11:23,60,65.471825,
2025-01-12 11:24,66,65.48671,
2025-01-12 11:24,66,65.48934,
2025-01-12 11:24,66,65.49291,14.000001
2025-01-12 11:24,66,65.497314,
2025-01-12 11:24,60,65.50244,
2025-01-12 11:24,66,65.508194,
2025-01-12 11:24,66,65.48913,
2025-01-12 11:25,66,65.492424,
2025-01-12 11:25,66,65.49569,
2025-01-12 11:25,66,65.49885,
2025-01-12 11:25,66,65.50177,
2025-01-12 11:25,66,65.504395,
2025-01-12 11:25,66,65.50662,
2025-01-12 11:26,66,65.50844,
2025-01-12 11:26,66,65.509796,
2025-01-12 11:26,66,65.51068,
2025-01-12 11:26,,65.5111,13.500001
2025-01-12 11:26,66,65.511086,
2025-01-12 11:26,66,65.53016,
2025-01-12 11:26,66,65.53342,
2025-01-12 11:26,66,65.52938,
2025-01-12 11:27,66,65.52553,
2025-01-12 11:27,66,65.52195,
2025-01-12 11:27,66,65.5441,
2025-01-12 11:27,66,65.54476,
2025-01-12 11:27,66,65.54633,
2025-01-12 11:27,66,65.54892,
2025-01-12 11:27,66,65.577965,
2025-01-12 11:28,66,65.603165,
2025-01-12 11:28,66,65.61533,
2025-01-12 11:28,,65.6489,14.000001
2025-01-12 11:28,60,65.66245,
2025-01-12 11:28,66,65.67827,
2025-01-12 11:28,66,65.69632,
2025-01-12 11:28,66,65.71655,
2025-01-12 11:29,66,65.758385,
2025-01-12 11:29,60,65.78021,
2025-01-12 11:29,66,65.80416,
2025-01-12 11:29,66,65.83,
2025-01-12 11:29,66,65.85753,
2025-01-12 11:29,66,65.886475,
2025-01-12 11:29,66,65.94189,
2025-01-12 11:30,66,65.984665,
2025-01-12 11:30,66,66.02093,
2025-01-12 11:30,66,66.057846,14.000001
2025-01-12 11:30,66,66.09507,
2025-01-12 11:30,66,66.10699,
2025-01-12 11:30,66,66.140526,
2025-01-12 11:30,66,66.173096,
2025-01-12 11:31,66,66.20442,
2025-01-12 11:31,66,66.234184,
2025-01-12 11:31,66,66.26214,
2025-01-12 11:31,66,66.28799,
2025-01-12 11:31,72,66.31157,
2025-01-12 11:31,66,66.33268,
2025-01-12 11:32,66,66.351166,
2025-01-12 11:32,66,66.36692,
2025-01-12 11:32,72,66.379845,
2025-01-12 11:32,,66.38994,14.000001
2025-01-12 11:32,66,66.397156,
2025-01-12 11:32,66,66.42689,
2025-01-12 11:32,66,66.444885,
2025-01-12 11:32,66,66.46534,
2025-01-12 11:33,66,66.46177,
2025-01-12 11:33,66,66.456535,
2025-01-12 11:33,66,66.449814,
2025-01-12 11:33,66,66.441734,
2025-01-12 11:33,66,66.45195,
2025-01-12 11:33,66,66.43918,
2025-01-12 11:33,66,66.425835,
2025-01-12 11:34,66,66.41206,
2025-01-12 11:34,72,66.39803,
2025-01-12 11:34,,66.383896,14.000001
2025-01-12 11:34,66,66.36977,
2025-01-12 11:34,66,66.35579,
2025-01-12 11:34,66,66.34206,
2025-01-12 11:34,60,66.32867,
2025-01-12 11:35,66,66.3157,
2025-01-12 11:35,66,66.3032,
2025-01-12 11:35,66,66.31657,
2025-01-12 11:35,66,66.33383,
2025-01-12 11:35,66,66.33002,
2025-01-12 11:35,66,66.32736,
2025-01-12 11:35,66,66.32589,
2025-01-12 11:36,66,66.30608,
2025-01-12 11:36,66,66.30937,
2025-01-12 11:36,66,66.33874,14.000001
2025-01-12 11:36,66,66.37221,
2025-01-12 11:36,66,66.3905,
2025-01-12 11:36,66,66.42233,
2025-01-12 11:36,72,66.448006,
2025-01-12 11:37,66,66.5002,
2025-01-12 11:37,66,66.531555,
2025-01-12 11:37,66,66.58953,
2025-01-12 11:37,66,66.62675,
2025-01-12 11:37,66,66.6653,
2025-01-12 11:37,66,66.705025,
2025-01-12 11:38,66,66.74572,
2025-01-12 11:38,66,66.78718,
2025-01-12 11:38,66,66.829124,
2025-01-12 11:38,,66.87126,14.000001
2025-01-12 11:38,66,66.913315,
2025-01-12 11:38,66,66.93543,
2025-01-12 11:38,66,66.97225,
2025-01-12 11:38,66,67.014984,
2025-01-12 11:39,66,67.05586,
2025-01-12 11:39,66,67.09451,
2025-01-12 11:39,66,67.12475,
2025-01-12 11:39,66,67.15205,
2025-01-12 11:39,72,67.17603,
2025-01-12 11:39,72,67.1964,
2025-01-12 11:39,66,67.212814,
2025-01-12 11:40,66,67.23349,
2025-01-12 11:40,66,67.267685,
2025-01-12 11:40,,67.30074,14.5
2025-01-12 11:40,66,67.30749,
2025-01-12 11:40,72,67.31013,
2025-01-12 11:40,72,67.308655,
2025-01-12 11:40,72,67.30311,
2025-01-12 11:41,72,67.293594,
2025-01-12 11:41,66,67.30552,
2025-01-12 11:41,72,67.27236,
2025-01-12 11:41,66,67.25803,
2025-01-12 11:41,72,67.24057,
2025-01-12 11:41,66,67.2456,
2025-01-12 11:41,66,67.2262,
2025-01-12 11:42,66,67.20493,
2025-01-12 11:42,66,67.18216,
2025-01-12 11:42,66,67.15824,13.500001
2025-01-12 11:42,66,67.13352,
2025-01-12 11:42,66,67.13361,
2025-01-12 11:42,66,67.136856,
2025-01-12 11:42,66,67.1185,
2025-01-12 11:43,66,67.10105,
2025-01-12 11:43,66,67.08466,
2025-01-12 11:43,66,67.06952,
2025-01-12 11:43,66,67.0557,
2025-01-12 11:43,60,67.04325,
2025-01-12 11:43,66,67.03215,
2025-01-12 11:44,66,67.022385,
2025-01-12 11:44,66,66.99432,
2025-01-12 11:44,66,66.96985,
2025-01-12 11:44,,66.967995,14.000001
2025-01-12 11:44,72,66.99167,
2025-01-12 11:44,72,66.99339,
2025-01-12 11:44,66,66.995224,
2025-01-12 11:44,66,66.99693,
2025-01-12 11:45,66,66.97884,
2025-01-12 11:45,66,66.96272,
2025-01-12 11:45,66,66.94809,
2025-01-12 11:45,72,66.9345,
2025-01-12 11:45,66,66.941,
2025-01-12 11:45,66,66.9511,
2025-01-12 11:45,66,66.95887,
2025-01-12 11:46,72,66.944786,
2025-01-12 11:46,66,66.950325,
2025-01-12 11:46,,66.95324,13.500001
2025-01-12 11:46,66,66.95358,
2025-01-12 11:46,66,66.9514,
2025-01-12 11:46,66,66.946815,
2025-01-12 11:46,72,66.939896,
2025-01-12 11:47,72,66.93077,
2025-01-12 11:47,66,66.91959,
2025-01-12 11:47,66,66.90647,
2025-01-12 11:47,66,66.91689,
2025-01-12 11:47,66,66.878395,
2025-01-12 11:47,66,66.86068,
2025-01-12 11:47,66,66.84161,
2025-01-12 11:48,66,66.84085,
2025-01-12 11:48,66,66.817055,
2025-01-12 11:48,66,66.79262,14.000001
2025-01-12 11:48,66,66.767624,
2025-01-12 11:48,66,66.76752,
2025-01-12 11:48,72,66.71331,
2025-01-12 11:48,66,66.66897,
2025-01-12 11:49,66,66.62688,
2025-01-12 11:49,66,66.60634,
2025-01-12 11:49,66,66.58522,
2025-01-12 11:49,66,66.56359,
2025-01-12 11:49,66,66.56688,
2025-01-12 11:49,66,66.5479,
2025-01-12 11:50,66,66.50952,
2025-01-12 11:50,72,66.49331,
2025-01-12 11:50,66,66.47709,
2025-01-12 11:50,,66.460976,14.000001
2025-01-12 11:50,66,66.42557,
2025-01-12 11:50,66,66.4124,
2025-01-12 11:50,66,66.399315,
2025-01-12 11:50,66,66.4117,
2025-01-12 11:51,66,66.40236,
2025-01-12 11:51,66,66.39361,
2025-01-12 11:51,66,66.36605,
2025-01-12 11:51,66,66.34169,
2025-01-12 11:51,66,66.33979,
2025-01-12 11:51,72,66.33815,
2025-01-12 11:51,60,66.31147,
2025-01-12 11:52,66,66.290184,
2025-01-12 11:52,66,66.28355,
2025-01-12 11:52,,66.30201,14.5
2025-01-12 11:52,66,66.27295,
2025-01-12 11:52,66,66.26589,
2025-01-12 11:52,66,66.20788,
2025-01-12 11:52,72,66.16808,
2025-01-12 11:53,60,66.098625,
2025-01-12 11:53,66,66.02686,
2025-01-12 11:53,66,65.94636,
2025-01-12 11:53,66,65.881744,
2025-01-12 11:53,66,65.81052,
2025-01-12 11:53,66,65.70697,
2025-01-12 11:53,72,65.61818,
2025-01-12 11:54,66,65.52167,
2025-01-12 11:54,66,65.41729,
2025-01-12 11:54,66,65.30495,14.000001
2025-01-12 11:54,66,65.165115,
2025-01-12 11:54,66,65.06472,
2025-01-12 11:54,66,64.984955,
2025-01-12 11:54,66,64.85383,
2025-01-12 11:55,66,64.716194,
2025-01-12 11:55,72,64.57249,
2025-01-12 11:55,66,64.39793,
2025-01-12 11:55,66,64.21501,
2025-01-12 11:55,66,64.049446,
2025-01-12 11:55,66,63.879627,
2025-01-12 11:56,66,63.706314,
2025-01-12 11:56,66,63.555588,
2025-01-12 11:56,60,63.41215,
2025-01-12 11:56,,63.2655,13.500001
2025-01-12 11:56,66,63.097282,
2025-01-12 11:56,72,62.905323,
2025-01-12 11:56,60,62.712368,
2025-01-12 11:56,66,62.518936,
2025-01-12 11:57,54.000004,62.350773,
2025-01-12 11:57,60,62.186287,
2025-01-12 11:57,54.000004,62.031944,
2025-01-12 11:57,60,61.927265,
2025-01-12 11:57,54.000004,61.83465,
2025-01-12 11:57,60,61.70446,
2025-01-12 11:57,60,61.556274,
2025-01-12 11:58,54.000004,61.429142,
2025-01-12 11:58,60,61.3421,
2025-01-12 11:58,,61.221035,15.500001
2025-01-12 11:58,60,61.104374,
2025-01-12 11:58,60,60.99171,
2025-01-12 11:58,60,60.907955,
2025-01-12 11:58,66,60.830654,
2025-01-12 11:59,72,60.759487,
2025-01-12 11:59,60,60.66886,
2025-01-12 11:59,60,60.60567,
2025-01-12 11:59,60,60.5473,
2025-01-12 11:59,54.000004,60.473827,
2025-01-12 11:59,54.000004,60.426323,
2025-01-12 11:59,60,60.43277,
2025-01-12 12:00,60,60.43198,
2025-01-12 12:00,60,60.430374,
2025-01-12 12:00,66,60.38472,12.500001
2025-01-12 12:00,72,60.36425,
2025-01-12 12:00,60,60.39123,
2025-01-12 12:00,60,60.38962,
2025-01-12 12:00,54.000004,60.37603,
2025-01-12 12:01,54.000004,60.37091,
2025-01-12 12:01,54.000004,60.387688,
2025-01-12 12:01,60,60.410038,
2025-01-12 12:01,60,60.45168,
2025-01-12 12:01,66,60.471268,
2025-01-12 12:01,66,60.535908,
2025-01-12 12:02,72,60.582268,
2025-01-12 12:02,60,60.627018,
2025-01-12 12:02,54.000004,60.625698,
2025-01-12 12:02,,60.64774,12.000001
2025-01-12 12:02,66,60.66497,
2025-01-12 12:02,60,60.683075,
2025-01-12 12:02,54.000004,60.727158,
2025-01-12 12:02,54.000004,60.749718,
2025-01-12 12:03,60,60.747494,
2025-01-12 12:03,60,60.74208,
2025-01-12 12:03,60,60.73877,
2025-01-12 12:03,54.000004,60.692142,
2025-01-12 12:03,60,60.709835,
2025-01-12 12:03,60,60.72475,
2025-01-12 12:03,60,60.73664,
2025-01-12 12:04,60,60.764698,
2025-01-12 12:04,72,60.812023,
2025-01-12 12:04,,60.7613,16.5
2025-01-12 12:04,66,60.751396,
2025-01-12 12:04,54.000004,60.737637,
2025-01-12 12:04,60,60.700485,
2025-01-12 12:04,66,60.66764,
2025-01-12 12:05,60,60.652607,
2025-01-12 12:05,60,60.63323,
2025-01-12 12:05,66,60.629158,
2025-01-12 12:05,60,60.618706,
2025-01-12 12:05,66,60.56865,
2025-01-12 12:05,60,60.47255,
2025-01-12 12:05,60,60.417885,
2025-01-12 12:06,66,60.341053,
2025-01-12 12:06,66,60.26443,18
2025-01-12 12:06,60,60.118095,
2025-01-12 12:06,54.000004,60.057777,
2025-01-12 12:06,60,60.014473,
2025-01-12 12:06,54.000004,59.95378,
2025-01-12 12:07,60,59.83986,
2025-01-12 12:07,66,59.769447,
2025-01-12 12:07,60,59.718056,
2025-01-12 12:07,54.000004,59.68959,
2025-01-12 12:07,54.000004,59.592728,
2025-01-12 12:08,60,59.519768,
2025-01-12 12:08,54.000004,59.44894,
2025-01-12 12:08,60,59.40013,
2025-01-12 12:08,,59.357586,12.500001
2025-01-12 12:08,60,59.29665,
2025-01-12 12:08,60,59.23991,
2025-01-12 12:08,66,59.18764,
2025-01-12 12:09,48,59.07582,
2025-01-12 12:09,60,59.008884,
2025-01-12 12:09,60,58.956066,
2025-01-12 12:09,60,58.99945,
2025-01-12 12:09,66,58.980907,
2025-01-12 12:09,60,58.94783,
2025-01-12 12:09,60,58.941814,
2025-01-12 12:10,60,58.940628,
2025-01-12 12:10,60,58.9248,
2025-01-12 12:10,,58.91048,16.5
2025-01-12 12:10,48,58.953724,
2025-01-12 12:10,60,59.00444,
2025-01-12 12:10,60,59.062786,
2025-01-12 12:10,60,59.08412,
2025-01-12 12:11,48,59.11246,
2025-01-12 12:11,60,59.16681,
2025-01-12 12:11,60,59.294735,
2025-01-12 12:11,60,59.38525,
2025-01-12 12:11,54.000004,59.502316,
2025-01-12 12:11,60,59.604378,
2025-01-12 12:11,60,59.694054,
2025-01-12 12:12,66,59.812664,
2025-01-12 12:12,54.000004,59.931885,
2025-01-12 12:12,60,60.051464,16.5
2025-01-12 12:12,60,60.17693,
2025-01-12 12:12,60,60.302094,
2025-01-12 12:12,66,60.432407,
2025-01-12 12:12,60,60.59277,
2025-01-12 12:13,60,60.73547,
2025-01-12 12:13,60,60.907635,
2025-01-12 12:13,54.000004,61.067387,
2025-01-12 12:13,60,61.294987,
2025-01-12 12:13,60,61.485107,
2025-01-12 12:13,72,61.656776,
2025-01-12 12:14,60,61.831764,
2025-01-12 12:14,60,61.990147,
2025-01-12 12:14,60,62.17285,
2025-01-12 12:14,,62.357136,18
2025-01-12 12:14,60,62.56781,
2025-01-12 12:14,54.000004,62.782402,
2025-01-12 12:14,72,63.026672,
2025-01-12 12:14,66,63.28407,
2025-01-12 12:15,66,63.501095,
2025-01-12 12:15,60,63.721996,
2025-01-12 12:15,60,63.84522,
2025-01-12 12:15,60,64.02252,
2025-01-12 12:15,72,64.122185,
2025-01-12 12:15,66,64.226265,
2025-01-12 12:16,66,64.352234,
2025-01-12 12:16,66,64.53953,
2025-01-12 12:16,,64.600426,19.000002
2025-01-12 12:16,66,64.72066,
2025-01-12 12:16,60,64.81325,
2025-01-12 12:16,60,64.887985,
2025-01-12 12:16,66,64.89919,
2025-01-12 12:17,60,64.91543,
2025-01-12 12:17,66,64.88812,
2025-01-12 12:17,72,64.92023,
2025-01-12 12:17,66,64.91371,
2025-01-12 12:17,72,64.8906,
2025-01-12 12:17,72,64.82544,
2025-01-12 12:18,72,64.75981,
2025-01-12 12:18,72,64.65212,
2025-01-12 12:18,66,64.55006,17.000002
2025-01-12 12:18,66,64.39293,
2025-01-12 12:18,66,64.28971,
2025-01-12 12:18,66,64.14951,
2025-01-12 12:18,66,63.97035,
2025-01-12 12:19,72,63.80072,
2025-01-12 12:19,72,63.645042,
2025-01-12 12:19,72,63.451637,
2025-01-12 12:19,72,63.16056,
2025-01-12 12:19,72,62.906067,
2025-01-12 12:19,72,62.644794,
2025-01-12 12:20,48,62.397327,
2025-01-12 12:20,54.000004,62.142853,
2025-01-12 12:20,48,61.908127,
2025-01-12 12:20,,61.608288,14.5
2025-01-12 12:20,60,61.330395,
2025-01-12 12:20,72,61.053234,
2025-01-12 12:20,48,60.777782,
2025-01-12 12:20,66,60.530247,
2025-01-12 12:21,66,60.26417,
2025-01-12 12:21,54.000004,60.047325,
2025-01-12 12:21,48,59.83642,
2025-01-12 12:21,54.000004,59.63838,
2025-01-12 12:21,48,59.473694,
2025-01-12 12:21,72,59.27649,
2025-01-12 12:21,60,59.04702,
2025-01-12 12:22,60,58.857544,
2025-01-12 12:22,54.000004,58.67591,
2025-01-12 12:22,,58.509514,14.5
2025-01-12 12:22,54.000004,58.35824,
2025-01-12 12:22,60,58.196594,
2025-01-12 12:22,60,58.09109,
2025-01-12 12:22,66,57.971905,
2025-01-12 12:23,60,57.860928,
2025-01-12 12:23,54.000004,57.7324,
2025-01-12 12:23,60,57.633114,
2025-01-12 12:23,66,57.520786,
2025-01-12 12:23,54.000004,57.442158,
2025-01-12 12:23,48,57.34905,
2025-01-12 12:23,54.000004,57.279728,
2025-01-12 12:24,54.000004,57.22712,
2025-01-12 12:24,54.000004,57.157925,
2025-01-12 12:24,54.000004,57.196766,15.500001
2025-01-12 12:24,60,57.213463,
2025-01-12 12:24,54.000004,57.224678,
2025-01-12 12:24,54.000004,57.217598,
2025-01-12 12:24,54.000004,57.18114,
2025-01-12 12:25,54.000004,57.10557,
2025-01-12 12:25,60,57.11239,
2025-01-12 12:25,54.000004,57.054317,
2025-01-12 12:25,60,56.99748,
2025-01-12 12:25,60,57.056152,
2025-01-12 12:25,66,57.13945,
2025-01-12 12:26,66,57.105488,
2025-01-12 12:26,60,57.11012,
2025-01-12 12:26,54.000004,57.031246,
2025-01-12 12:26,,56.99604,18
2025-01-12 12:26,60,56.95983,
2025-01-12 12:26,60,56.941925,
2025-01-12 12:26,60,56.9202,
2025-01-12 12:26,54.000004,56.89484,
2025-01-12 12:27,60,56.87178,
2025-01-12 12:27,54.000004,56.851257,
2025-01-12 12:27,54.000004,56.81397,
2025-01-12 12:27,48,56.776302,
2025-01-12 12:27,54.000004,56.808315,
2025-01-12 12:27,54.000004,56.81616,
2025-01-12 12:28,60,56.793606,
2025-01-12 12:28,54.000004,56.7914,
2025-01-12 12:28,,56.80695,13.000001
2025-01-12 12:28,60,56.82434,
2025-01-12 12:28,54.000004,56.818707,
2025-01-12 12:28,60,56.812386,
2025-01-12 12:29,60,56.805424,
2025-01-12 12:29,54.000004,56.778378,
2025-01-12 12:29,54.000004,56.77262,
2025-01-12 12:29,54.000004,56.8418,
2025-01-12 12:29,54.000004,56.894585,
2025-01-12 12:29,54.000004,56.979008,
2025-01-12 12:29,54.000004,57.054096,
2025-01-12 12:30,54.000004,57.14512,
2025-01-12 12:30,72,57.21722,
2025-01-12 12:30,72,57.24961,11.500001
2025-01-12 12:30,48,57.26674,
2025-01-12 12:30,54.000004,57.290047,
2025-01-12 12:30,54.000004,57.363464,
2025-01-12 12:30,54.000004,57.486954,
2025-01-12 12:31,54.000004,57.58441,
2025-01-12 12:31,54.000004,57.72295,
2025-01-12 12:31,54.000004,57.771767,
2025-01-12 12:31,54.000004,57.818863,
2025-01-12 12:31,60,57.93324,
2025-01-12 12:31,60,58.003075,
2025-01-12 12:32,60,58.091454,
2025-01-12 12:32,54.000004,58.17547,
2025-01-12 12:32,66,58.27394,
2025-01-12 12:32,,58.34467,13.000001
2025-01-12 12:32,60,58.434513,
2025-01-12 12:32,54.000004,58.475975,
2025-01-12 12:32,54.000004,58.506702,
2025-01-12 12:32,60,58.563347,
2025-01-12 12:33,54.000004,58.609207,
2025-01-12 12:33,54.000004,58.67058,
2025-01-12 12:33,54.000004,58.70548,
2025-01-12 12:33,54.000004,58.735783,
2025-01-12 12:33,54.000004,58.75528,
2025-01-12 12:33,72,58.73841,
2025-01-12 12:33,66,58.808266,
2025-01-12 12:34,72,58.876648,
2025-01-12 12:34,72,58.94451,
2025-01-12 12:34,,58.96225,16
2025-01-12 12:34,66,58.97499,
2025-01-12 12:34,54.000004,58.92491,
2025-01-12 12:34,54.000004,58.85339,
2025-01-12 12:34,54.000004,58.885563,
2025-01-12 12:35,60,58.891865,
2025-01-12 12:35,66,58.870117,
2025-01-12 12:35,60,58.81785,
2025-01-12 12:35,72,58.782936,
2025-01-12 12:35,48,58.74367,
2025-01-12 12:35,48,58.725857,
2025-01-12 12:35,60,58.70799,
2025-01-12 12:36,54.000004,58.65443,
2025-01-12 12:36,54.000004,58.59394,
2025-01-12 12:36,54.000004,58.533924,13.500001
2025-01-12 12:36,54.000004,58.519115,
2025-01-12 12:36,54.000004,58.46645,
2025-01-12 12:36,60,58.452038,
2025-01-12 12:36,54.000004,58.434025,
2025-01-12 12:37,48,58.413986,
2025-01-12 12:37,60,58.417145,
2025-01-12 12:37,60,58.40195,
2025-01-12 12:37,60,58.35932,
2025-01-12 12:37,60,58.361652,
2025-01-12 12:37,60,58.36443,
2025-01-12 12:38,54.000004,58.36773,
2025-01-12 12:38,48,58.37151,
2025-01-12 12:38,72,58.26675,
2025-01-12 12:38,,58.208115,12.500001
2025-01-12 12:38,72,58.130806,
2025-01-12 12:38,60,58.081436,
2025-01-12 12:38,60,58.050076,
2025-01-12 12:38,60,58.028015,
2025-01-12 12:39,54.000004,58.0213,
2025-01-12 12:39,60,58.058395,
2025-01-12 12:39,60,58.044964,
2025-01-12 12:39,54.000004,58.031536,
2025-01-12 12:39,48,57.998913,
2025-01-12 12:39,54.000004,57.988827,
2025-01-12 12:39,54.000004,57.940388,
2025-01-12 12:40,60,57.975838,
2025-01-12 12:40,60,58.007103,
2025-01-12 12:40,,58.02145,13.000001
2025-01-12 12:40,54.000004,58.086586,
2025-01-12 12:40,54.000004,58.159187,
2025-01-12 12:40,60,58.215115,
2025-01-12 12:41,60,58.25214,
2025-01-12 12:41,66,58.267693,
2025-01-12 12:41,60,58.26466,
2025-01-12 12:41,54.000004,58.284508,
2025-01-12 12:41,60,58.34971,
2025-01-12 12:41,60,58.351936,
2025-01-12 12:41,48,58.38268,
2025-01-12 12:42,60,58.40254,
2025-01-12 12:42,60,58.41732,
2025-01-12 12:42,60,58.459023,13.500001
2025-01-12 12:42,60,58.524387,
2025-01-12 12:42,48,58.58504,
2025-01-12 12:42,54.000004,58.588047,
2025-01-12 12:42,54.000004,58.599007,
2025-01-12 12:43,60,58.616726,
2025-01-12 12:43,60,58.679016,
2025-01-12 12:43,60,58.740814,
2025-01-12 12:43,54.000004,58.826916,
2025-01-12 12:43,66,58.908997,
2025-01-12 12:43,54.000004,58.96743,
2025-01-12 12:44,60,59.04937,
2025-01-12 12:44,60,59.126644,
2025-01-12 12:44,60,59.269356,
2025-01-12 12:44,,59.341476,17.000002
2025-01-12 12:44,60,59.384544,
2025-01-12 12:44,60,59.40109,
2025-01-12 12:44,66,59.43826,
2025-01-12 12:44,72,59.486664,
2025-01-12 12:45,72,59.53809,
2025-01-12 12:45,66,59.585304,
2025-01-12 12:45,60,59.60917,
2025-01-12 12:45,54.000004,59.631905,
2025-01-12 12:45,54.000004,59.659424,
2025-01-12 12:45,54.000004,59.685947,
2025-01-12 12:45,60,59.7311,
2025-01-12 12:46,54.000004,59.75352,
2025-01-12 12:46,60,59.775566,
2025-01-12 12:46,,59.836273,13.000001
2025-01-12 12:46,54.000004,59.85284,
2025-01-12 12:46,60,59.869793,
2025-01-12 12:46,60,59.887142,
2025-01-12 12:46,54.000004,59.90491,
2025-01-12 12:47,60,59.96199,
2025-01-12 12:47,60,59.994907,
2025-01-12 12:47,60,60.051373,
2025-01-12 12:47,60,60.06477,
2025-01-12 12:47,60,60.104744,
2025-01-12 12:47,66,60.123802,
2025-01-12 12:47,60,60.163525,
2025-01-12 12:48,60,60.179565,
2025-01-12 12:48,66,60.248734,
2025-01-12 12:48,60,60.29991,12.000001
2025-01-12 12:48,72,60.355457,
2025-01-12 12:48,60,60.364773,
2025-01-12 12:48,54.000004,60.397156,
2025-01-12 12:48,54.000004,60.430138,
2025-01-12 12:49,60,60.438156,
2025-01-12 12:49,60,60.448742,
2025-01-12 12:49,60,60.441944,
2025-01-12 12:49,60,60.43922,
2025-01-12 12:49,60,60.459335,
2025-01-12 12:49,60,60.49907,
2025-01-12 12:50,66,60.55557,
2025-01-12 12:50,60,60.6067,
2025-01-12 12:50,60,60.65266,
2025-01-12 12:50,,60.674126,13.000001
2025-01-12 12:50,60,60.712692,
2025-01-12 12:50,60,60.726818,
2025-01-12 12:50,60,60.77692,
2025-01-12 12:50,60,60.807453,
2025-01-12 12:51,60,60.839287,
2025-01-12 12:51,60,60.847282,
2025-01-12 12:51,60,60.898453,
2025-01-12 12:51,60,60.903942,
2025-01-12 12:51,66,60.908264,
2025-01-12 12:51,60,60.911324,
2025-01-12 12:51,66,60.913136,
2025-01-12 12:52,60,60.91365,
2025-01-12 12:52,60,60.893402,
2025-01-12 12:52,,60.919197,12.500001
2025-01-12 12:52,66,60.946842,
2025-01-12 12:52,66,60.9319,
2025-01-12 12:52,66,60.96347,
2025-01-12 12:52,54.000004,60.933178,
2025-01-12 12:53,60,60.946274,
2025-01-12 12:53,60,60.97785,
2025-01-12 12:53,54.000004,61.00605,
2025-01-12 12:53,60,61.01171,
2025-01-12 12:53,60,61.017178,
2025-01-12 12:53,60,61.04774,
2025-01-12 12:53,60,61.081467,
2025-01-12 12:54,60,61.10175,
2025-01-12 12:54,60,61.115005,
2025-01-12 12:54,60,61.109158,13.500001
2025-01-12 12:54,60,61.125492,
2025-01-12 12:54,60,61.167015,
2025-01-12 12:54,60,61.211586,
2025-01-12 12:54,60,61.259346,
2025-01-12 12:55,66,61.285103,
2025-01-12 12:55,60,61.3109,
2025-01-12 12:55,66,61.336544,
2025-01-12 12:55,60,61.361786,
2025-01-12 12:55,66,61.411686,
2025-01-12 12:55,60,61.438713,
2025-01-12 12:56,60,61.490177,
2025-01-12 12:56,60,61.499046,
2025-01-12 12:56,60,61.503483,
2025-01-12 12:56,,61.483425,13.500001
2025-01-12 12:56,60,61.505142,
2025-01-12 12:56,66,61.498535,
2025-01-12 12:56,66,61.47235,
2025-01-12 12:56,60,61.43425,
2025-01-12 12:57,66,61.416187,
2025-01-12 12:57,60,61.39553,
2025-01-12 12:57,60,61.410828,
2025-01-12 12:57,60,61.39832,
2025-01-12 12:57,60,61.380272,
2025-01-12 12:57,60,61.40152,
2025-01-12 12:57,60,61.424038,
2025-01-12 12:58,66,61.44855,
2025-01-12 12:58,66,61.47588,
2025-01-12 12:58,,61.456203,13.500001
2025-01-12 12:58,60,61.434364,
2025-01-12 12:58,60,61.410686,
2025-01-12 12:58,60,61.385513,
2025-01-12 12:58,66,61.359196,
2025-01-12 12:59,66,61.332085,
2025-01-12 12:59,66,61.329872,
2025-01-12 12:59,60,61.330948,
2025-01-12 12:59,60,61.316483,
2025-01-12 12:59,60,61.328552,
2025-01-12 12:59,60,61.300728,
2025-01-12 12:59,66,61.296955,
2025-01-12 13:00,60,61.27577,
2025-01-12 13:00,66,61.278793,
2025-01-12 13:00,60,61.283867,13.500001
2025-01-12 13:00,54.000004,61.291065,
2025-01-12 13:00,54.000004,61.325657,
2025-01-12 13:00,60,61.340263,
2025-01-12 13:00,54.000004,61.356987,
2025-01-12 13:01,54.000004,61.356068,
2025-01-12 13:01,54.000004,61.359234,
2025-01-12 13:01,60,61.385273,
2025-01-12 13:01,60,61.392105,
2025-01-12 13:01,60,61.42071,
2025-01-12 13:01,60,61.473736,
2025-01-12 13:02,60,61.503403,
2025-01-12 13:02,66,61.531494,
2025-01-12 13:02,72,61.58285,
2025-01-12 13:02,,61.635063,14.000001
2025-01-12 13:02,72,61.643158,
2025-01-12 13:02,60,61.67634,
2025-01-12 13:02,60,61.72496,
2025-01-12 13:02,60,61.7553,
2025-01-12 13:03,60,61.807293,
2025-01-12 13:03,60,61.858795,
2025-01-12 13:03,60,61.890472,
2025-01-12 13:03,66,61.899258,
2025-01-12 13:03,66,61.90711,
2025-01-12 13:03,66,61.958553,
2025-01-12 13:03,66,62.0095,
2025-01-12 13:04,60,62.05189,
2025-01-12 13:04,60,62.076622,
2025-01-12 13:04,,62.104523,13.000001
2025-01-12 13:04,60,62.12989,
2025-01-12 13:04,60,62.13343,
2025-01-12 13:04,60,62.156696,
2025-01-12 13:04,66,62.19704,
2025-01-12 13:05,60,62.257877,
2025-01-12 13:05,60,62.29808,
2025-01-12 13:05,60,62.334343,
2025-01-12 13:05,60,62.366863,
2025-01-12 13:05,60,62.395832,
2025-01-12 13:05,60,62.40183,
2025-01-12 13:05,60,62.406887,
2025-01-12 13:06,66,62.41073,
2025-01-12 13:06,60,62.413036,
2025-01-12 13:06,60,62.438835,13.500001
2025-01-12 13:06,66,62.446304,
2025-01-12 13:06,66,62.437923,
2025-01-12 13:06,60,62.41007,
2025-01-12 13:06,66,62.38419,
2025-01-12 13:07,66,62.39847,
2025-01-12 13:07,60,62.40822,
2025-01-12 13:07,66,62.413326,
2025-01-12 13:07,66,62.413666,
2025-01-12 13:07,66,62.434505,
2025-01-12 13:07,60,62.428524,
2025-01-12 13:08,60,62.398518,
2025-01-12 13:08,66,62.391846,
2025-01-12 13:08,66,62.361023,
2025-01-12 13:08,,62.353535,13.500001
2025-01-12 13:08,60,62.366817,
2025-01-12 13:08,66,62.353836,
2025-01-12 13:08,60,62.3371,
2025-01-12 13:08,60,62.316933,
2025-01-12 13:09,60,62.293575,
2025-01-12 13:09,60,62.26733,
2025-01-12 13:09,66,62.218998,
2025-01-12 13:09,66,62.190285,
2025-01-12 13:09,60,62.159214,
2025-01-12 13:09,60,62.126007,
2025-01-12 13:09,60,62.090904,
2025-01-12 13:10,60,62.05412,
2025-01-12 13:10,60,62.01578,
2025-01-12 13:10,,61.976074,13.500001
2025-01-12 13:10,60,61.915634,
2025-01-12 13:10,66,61.90135,
2025-01-12 13:10,66,61.863766,
2025-01-12 13:10,66,61.805775,
2025-01-12 13:11,60,61.72409,
2025-01-12 13:11,60,61.710587,
2025-01-12 13:11,60,61.679394,
2025-01-12 13:11,60,61.678204,
2025-01-12 13:11,60,61.653988,
2025-01-12 13:11,60,61.609653,
2025-01-12 13:11,66,61.567307,
2025-01-12 13:12,60,61.52679,
2025-01-12 13:12,60,61.50743,
2025-01-12 13:12,66,61.487156,13.500001
2025-01-12 13:12,60,61.446568,
2025-01-12 13:12,66,61.433132,
2025-01-12 13:12,66,61.405888,
2025-01-12 13:12,60,61.41797,
2025-01-12 13:13,60,61.38789,
2025-01-12 13:13,60,61.404865,
2025-01-12 13:13,60,61.42474,
2025-01-12 13:13,60,61.447968,
2025-01-12 13:13,60,61.44958,
2025-01-12 13:13,60,61.432476,
2025-01-12 13:14,60,61.4186,
2025-01-12 13:14,60,61.45251,
2025-01-12 13:14,60,61.515305,
2025-01-12 13:14,,61.559933,14.000001
2025-01-12 13:14,60,61.608875,
2025-01-12 13:14,60,61.637016,
2025-01-12 13:14,60,61.666454,
2025-01-12 13:14,66,61.697002,
2025-01-12 13:15,60,61.734245,
2025-01-12 13:15,60,61.777943,
2025-01-12 13:15,54.000004,61.827812,
2025-01-12 13:15,66,61.903038,
2025-01-12 13:15,66,61.956013,
2025-01-12 13:15,72,62.00864,
2025-01-12 13:15,60,62.060562,
2025-01-12 13:16,60,62.111362,
2025-01-12 13:16,60,62.160572,
2025-01-12 13:16,,62.18831,13.500001
2025-01-12 13:16,60,62.26088,
2025-01-12 13:16,60,62.333622,
2025-01-12 13:16,60,62.361584,
2025-01-12 13:16,66,62.433414,
2025-01-12 13:17,60,62.48498,
2025-01-12 13:17,66,62.538208,
2025-01-12 13:17,60,62.586956,
2025-01-12 13:17,66,62.630936,
2025-01-12 13:17,66,62.695175,
2025-01-12 13:17,66,62.73219,
2025-01-12 13:17,60,62.764015,
2025-01-12 13:18,60,62.790478,
2025-01-12 13:18,60,62.811424,14.000001
2025-01-12 13:18,66,62.826736,
2025-01-12 13:18,72,62.836327,
2025-01-12 13:18,66,62.840126,
2025-01-12 13:18,66,62.838097,
2025-01-12 13:19,60,62.83027,
2025-01-12 13:19,60,62.816658,
2025-01-12 13:19,60,62.77202,
2025-01-12 13:19,66,62.698895,
2025-01-12 13:19,66,62.63859,
2025-01-12 13:19,66,62.568695,
2025-01-12 13:20,66,62.53386,
2025-01-12 13:20,60,62.425804,
2025-01-12 13:20,60,62.386906,
2025-01-12 13:20,,62.33153,13.500001
2025-01-12 13:20,60,62.321255,
2025-01-12 13:20,60,62.31263,
2025-01-12 13:20,60,62.28139,
2025-01-12 13:20,66,62.27597,
2025-01-12 13:21,66,62.27524,
2025-01-12 13:21,60,62.28036,
2025-01-12 13:21,66,62.292534,
2025-01-12 13:21,66,62.217438,
2025-01-12 13:21,66,62.188877,
2025-01-12 13:21,60,62.118065,
2025-01-12 13:21,60,62.06881,
2025-01-12 13:22,66,61.999447,
2025-01-12 13:22,60,61.95725,
2025-01-12 13:22,,61.8946,14.000001
2025-01-12 13:22,60,61.87806,
2025-01-12 13:22,60,61.86321,
2025-01-12 13:22,60,61.850002,
2025-01-12 13:22,60,61.818825,
2025-01-12 13:23,60,61.797325,
2025-01-12 13:23,60,61.779156,
2025-01-12 13:23,60,61.789093,
2025-01-12 13:23,60,61.82403,
2025-01-12 13:23,54.000004,61.83639,
2025-01-12 13:23,54.000004,61.848,
2025-01-12 13:24,54.000004,61.839012,
2025-01-12 13:24,54.000004,61.830963,
2025-01-12 13:24,60,61.84847,11
2025-01-12 13:24,54.000004,61.84361,
2025-01-12 13:24,72,61.832146,
2025-01-12 13:24,72,61.8388,
2025-01-12 13:24,72,61.815727,
2025-01-12 13:25,72,61.784615,
2025-01-12 13:25,66,61.770348,
2025-01-12 13:25,72,61.7505,
2025-01-12 13:25,72,61.680286,
2025-01-12 13:25,72,61.679535,
2025-01-12 13:25,72,61.67613,
2025-01-12 13:26,54.000004,61.67641,
2025-01-12 13:26,60,61.65565,
2025-01-12 13:26,54.000004,61.63654,
2025-01-12 13:26,,61.66438,8
2025-01-12 13:26,54.000004,61.695744,
2025-01-12 13:26,60,61.661682,
2025-01-12 13:26,54.000004,61.648754,
2025-01-12 13:26,60,61.63529,
2025-01-12 13:27,60,61.647182,
2025-01-12 13:27,60,61.637646,
2025-01-12 13:27,60,61.654728,
2025-01-12 13:27,66,61.6009,
2025-01-12 13:27,60,61.568005,
2025-01-12 13:27,66,61.55897,
2025-01-12 13:27,66,61.56016,
2025-01-12 13:28,60,61.581112,
2025-01-12 13:28,60,61.60142,
2025-01-12 13:28,,61.5959,12.500001
2025-01-12 13:28,60,61.611847,
2025-01-12 13:28,66,61.626953,
2025-01-12 13:28,60,61.621586,
2025-01-12 13:28,54.000004,61.66234,
2025-01-12 13:29,60,61.620922,
2025-01-12 13:29,54.000004,61.585308,
2025-01-12 13:29,54.000004,61.55435,
2025-01-12 13:29,60,61.526985,
2025-01-12 13:29,60,61.54697,
2025-01-12 13:29,54.000004,61.5246,
2025-01-12 13:29,72,61.52038,
2025-01-12 13:30,66,61.527237,
2025-01-12 13:30,72,61.537384,
2025-01-12 13:30,66,61.634197,19.000002
2025-01-12 13:30,66,61.659447,
2025-01-12 13:30,72,61.699455,
2025-01-12 13:30,72,61.757683,
2025-01-12 13:30,60,61.762016,
2025-01-12 13:31,60,61.73762,
2025-01-12 13:31,60,61.75148,
2025-01-12 13:31,66,61.765423,
2025-01-12 13:31,60,61.779938,
2025-01-12 13:31,66,61.770283,
2025-01-12 13:32,48,61.75892,
2025-01-12 13:32,54.000004,61.751953,
2025-01-12 13:32,60,61.74377,
2025-01-12 13:32,,61.715122,13.000001
2025-01-12 13:32,66,61.688152,
2025-01-12 13:32,60,61.682274,
2025-01-12 13:32,54.000004,61.70067,
2025-01-12 13:32,60,61.670856,
2025-01-12 13:33,60,61.66241,
2025-01-12 13:33,60,61.633663,
2025-01-12 13:33,66,61.626015,
2025-01-12 13:33,60,61.636642,
2025-01-12 13:33,60,61.624012,
2025-01-12 13:33,60,61.62976,
2025-01-12 13:33,60,61.63175,
2025-01-12 13:34,66,61.61904,
2025-01-12 13:34,60,61.623245,
2025-01-12 13:34,,61.649113,12.500001
2025-01-12 13:34,66,61.591072,
2025-01-12 13:34,66,61.556828,
2025-01-12 13:34,72,61.52962,
2025-01-12 13:34,60,61.503242,
2025-01-12 13:35,60,61.502705,
2025-01-12 13:35,66,61.486298,
2025-01-12 13:35,54.000004,61.476112,
2025-01-12 13:35,54.000004,61.510944,
2025-01-12 13:35,60,61.521484,
2025-01-12 13:35,66,61.504826,
2025-01-12 13:35,66,61.463646,
2025-01-12 13:36,60,61.45621,
2025-01-12 13:36,60,61.434456,
2025-01-12 13:36,66,61.471596,12.500001
2025-01-12 13:36,60,61.456726,
2025-01-12 13:36,60,61.389717,
2025-01-12 13:36,60,61.35871,
2025-01-12 13:36,60,61.288227,
2025-01-12 13:37,66,61.259636,
2025-01-12 13:37,54.000004,61.27322,
2025-01-12 13:37,60,61.240322,
2025-01-12 13:37,60,61.205383,
2025-01-12 13:37,60,61.168427,
2025-01-12 13:37,60,61.11,
2025-01-12 13:38,60,61.071545,
2025-01-12 13:38,60,61.05616,
2025-01-12 13:38,60,60.965996,
2025-01-12 13:38,,60.94324,16
2025-01-12 13:38,66,60.90208,
2025-01-12 13:38,66,60.90971,
2025-01-12 13:38,60,60.884087,
2025-01-12 13:38,60,60.830868,
2025-01-12 13:39,66,60.779728,
2025-01-12 13:39,60,60.660603,
2025-01-12 13:39,66,60.654354,
2025-01-12 13:39,66,60.62507,
2025-01-12 13:39,66,60.55063,
2025-01-12 13:39,66,60.590218,
2025-01-12 13:39,60,60.63389,
2025-01-12 13:40,54.000004,60.663364,
2025-01-12 13:40,54.000004,60.606438,
2025-01-12 13:40,,60.551853,19.500002
2025-01-12 13:40,60,60.56949,
2025-01-12 13:40,60,60.56776,
2025-01-12 13:40,54.000004,60.574947,
2025-01-12 13:40,48,60.58531,
2025-01-12 13:41,60,60.573624,
2025-01-12 13:41,54.000004,60.612408,
2025-01-12 13:41,60,60.68272,
2025-01-12 13:41,66,60.74318,
2025-01-12 13:41,60,60.829815,
2025-01-12 13:41,60,60.82519,
2025-01-12 13:42,60,60.86804,
2025-01-12 13:42,60,60.93874,
2025-01-12 13:42,60,60.989475,12.500001
2025-01-12 13:42,66,61.041992,
2025-01-12 13:42,48,61.095673,
2025-01-12 13:42,66,61.200565,
2025-01-12 13:42,66,61.280277,
2025-01-12 13:43,72,61.37641,
2025-01-12 13:43,66,61.43061,
2025-01-12 13:43,60,61.480663,
2025-01-12 13:43,60,61.525726,
2025-01-12 13:43,48,61.54544,
2025-01-12 13:43,66,61.60574,
2025-01-12 13:44,60,61.642155,
2025-01-12 13:44,54.000004,61.676144,
2025-01-12 13:44,72,61.707066,
2025-01-12 13:44,,61.73428,11.500001
2025-01-12 13:44,72,61.80203,
2025-01-12 13:44,54.000004,61.834743,
2025-01-12 13:44,54.000004,61.930454,
2025-01-12 13:44,66,61.93427,
2025-01-12 13:45,60,61.94631,
2025-01-12 13:45,66,61.951775,
2025-01-12 13:45,60,61.94487,
2025-01-12 13:45,54.000004,61.97045,
2025-01-12 13:45,66,61.94574,
2025-01-12 13:45,72,61.90955,
2025-01-12 13:45,72,61.842545,
2025-01-12 13:46,66,61.74742,
2025-01-12 13:46,48,61.690964,
2025-01-12 13:46,,61.628906,12.500001
2025-01-12 13:46,66,61.561607,
2025-01-12 13:46,60,61.540108,
2025-01-12 13:46,60,61.520935,
2025-01-12 13:46,60,61.485695,
2025-01-12 13:47,72,61.465305,
2025-01-12 13:47,66,61.380207,
2025-01-12 13:47,72,61.29747,
2025-01-12 13:47,60,61.172615,
2025-01-12 13:47,54.000004,61.119965,
2025-01-12 13:47,54.000004,61.092876,
2025-01-12 13:47,54.000004,61.053085,
2025-01-12 13:48,60,61.04658,
2025-01-12 13:48,60,61.004223,
2025-01-12 13:48,60,60.96511,11.500001
2025-01-12 13:48,60,60.974464,
2025-01-12 13:48,60,60.90484,
2025-01-12 13:48,66,60.844982,
2025-01-12 13:48,54.000004,60.81978,
2025-01-12 13:49,72,60.839996,
2025-01-12 13:49,54.000004,60.886765,
2025-01-12 13:49,60,60.89939,
2025-01-12 13:49,60,60.916435,
2025-01-12 13:49,54.000004,60.968864,
2025-01-12 13:49,60,61.028637,
2025-01-12 13:50,60,61.064503,
2025-01-12 13:50,54.000004,61.034042,
2025-01-12 13:50,,60.98321,12.000001
2025-01-12 13:50,54.000004,61.00846,
2025-01-12 13:50,60,61.036343,
2025-01-12 13:50,60,61.175083,
2025-01-12 13:50,60,61.199028,
2025-01-12 13:51,72,61.224384,
2025-01-12 13:51,72,61.295033,
2025-01-12 13:51,72,61.340904,
2025-01-12 13:51,60,61.38366,
2025-01-12 13:51,60,61.38384,
2025-01-12 13:51,60,61.37908,
2025-01-12 13:51,54.000004,61.323616,
2025-01-12 13:52,66,61.31632,
2025-01-12 13:52,66,61.35042,
2025-01-12 13:52,,61.34881,14.5
2025-01-12 13:52,60,61.35887,
2025-01-12 13:52,66,61.364468,
2025-01-12 13:52,60,61.340576,
2025-01-12 13:52,66,61.28432,
2025-01-12 13:53,60,61.268433,
2025-01-12 13:53,60,61.274403,
2025-01-12 13:53,66,61.23612,
2025-01-12 13:53,60,61.186935,
2025-01-12 13:53,66,61.094254,
2025-01-12 13:53,66,61.06109,
2025-01-12 13:53,60,60.98528,
2025-01-12 13:54,72,60.895912,
2025-01-12 13:54,66,60.82032,
2025-01-12 13:54,54.000004,60.742756,15
2025-01-12 13:54,48,60.66394,
2025-01-12 13:54,48,60.603977,
2025-01-12 13:54,66,60.5669,
2025-01-12 13:54,60,60.531624,
2025-01-12 13:55,72,60.429214,
2025-01-12 13:55,54.000004,60.35197,
2025-01-12 13:55,60,60.252792,
2025-01-12 13:55,66,60.115078,
2025-01-12 13:55,60,60.033504,
2025-01-12 13:55,60,59.963604,
2025-01-12 13:56,60,59.91907,
2025-01-12 13:56,54.000004,59.852573,
2025-01-12 13:56,48,59.786312,
2025-01-12 13:56,,59.790226,15.500001
2025-01-12 13:56,60,59.759285,
2025-01-12 13:56,54.000004,59.738045,
2025-01-12 13:56,60,59.739525,
2025-01-12 13:56,66,59.78092,
2025-01-12 13:57,60,59.813614,
2025-01-12 13:57,54.000004,59.87961,
2025-01-12 13:57,66,59.937653,
2025-01-12 13:57,72,60.02974,
2025-01-12 13:57,66,60.108753,
2025-01-12 13:57,54.000004,60.177586,
2025-01-12 13:58,60,60.277782,
2025-01-12 13:58,60,60.392967,
2025-01-12 13:58,,60.523132,14.5
2025-01-12 13:58,54.000004,60.637047,
2025-01-12 13:58,54.000004,60.742897,
2025-01-12 13:58,60,60.85637,
2025-01-12 13:58,60,61.0409,
2025-01-12 13:59,60,61.274445,
2025-01-12 13:59,66,61.512897,
2025-01-12 13:59,66,61.596825,
2025-01-12 13:59,54.000004,61.69971,
2025-01-12 13:59,60,61.783974,
2025-01-12 13:59,54.000004,61.911476,
2025-01-12 13:59,54.000004,62.000946,
2025-01-12 14:00,66,62.086014,
2025-01-12 14:00,66,62.15896,16
2025-01-12 14:00,60,62.24323,
2025-01-12 14:00,54.000004,62.314945,
2025-01-12 14:00,54.000004,62.392075,
2025-01-12 14:00,66,62.470627,
2025-01-12 14:01,66,62.48923,
2025-01-12 14:01,66,62.483055,
2025-01-12 14:01,66,62.503178,
2025-01-12 14:01,72,62.53586,
2025-01-12 14:01,72,62.463474,
2025-01-12 14:01,72,62.39372,
2025-01-12 14:02,72,62.29815,
2025-01-12 14:02,72,62.137753,
2025-01-12 14:02,66,61.987705,
2025-01-12 14:02,,61.87075,14.5
2025-01-12 14:02,66,61.756973,
2025-01-12 14:02,72,61.631474,
2025-01-12 14:02,72,61.495995,
2025-01-12 14:02,60,61.34015,
2025-01-12 14:03,66,61.154522,
2025-01-12 14:03,60,60.981213,
2025-01-12 14:03,66,60.780807,
2025-01-12 14:03,72,60.60294,
2025-01-12 14:03,72,60.453125,
2025-01-12 14:03,48,60.241646,
2025-01-12 14:04,48,60.028694,
2025-01-12 14:04,54.000004,59.84538,
2025-01-12 14:04,,59.695065,14.000001
2025-01-12 14:04,48,59.60234,
2025-01-12 14:04,54.000004,59.499813,
2025-01-12 14:04,48,59.398003,
2025-01-12 14:04,54.000004,59.244682,
2025-01-12 14:05,54.000004,59.12641,
2025-01-12 14:05,54.000004,59.040806,
2025-01-12 14:05,54.000004,58.99123,
2025-01-12 14:05,48,58.89159,
2025-01-12 14:05,54.000004,58.858486,
2025-01-12 14:05,60,58.821735,
2025-01-12 14:05,72,58.777397,
2025-01-12 14:06,54.000004,58.709965,
2025-01-12 14:06,54.000004,58.64611,
2025-01-12 14:06,48,58.6416,11.500001
2025-01-12 14:06,48,58.650227,
2025-01-12 14:06,60,58.644814,
2025-01-12 14:06,66,58.69029,
2025-01-12 14:06,60,58.74063,
2025-01-12 14:07,66,58.769005,
2025-01-12 14:07,66,58.7764,
2025-01-12 14:07,60,58.78312,
2025-01-12 14:07,54.000004,58.82634,
2025-01-12 14:07,60,58.866188,
2025-01-12 14:07,60,58.895866,
2025-01-12 14:08,66,58.89502,
2025-01-12 14:08,72,58.840145,
2025-01-12 14:08,60,58.799713,
2025-01-12 14:08,,58.828487,12.000001
2025-01-12 14:08,54.000004,58.812576,
2025-01-12 14:08,66,58.780327,
2025-01-12 14:08,72,58.821095,
2025-01-12 14:08,66,58.836082,
2025-01-12 14:09,72,58.82222,
2025-01-12 14:09,54.000004,58.822674,
2025-01-12 14:09,54.000004,58.74686,
2025-01-12 14:09,54.000004,58.662548,
2025-01-12 14:09,60,58.54544,
2025-01-12 14:09,54.000004,58.4439,
2025-01-12 14:09,66,58.356186,
2025-01-12 14:10,60,58.2419,
2025-01-12 14:10,54.000004,58.104816,
2025-01-12 14:10,,57.95425,14.000001
2025-01-12 14:10,48,57.8713,
2025-01-12 14:10,60,57.765068,
2025-01-12 14:10,60,57.703423,
2025-01-12 14:10,54.000004,57.66854,
2025-01-12 14:11,60,57.55004,
2025-01-12 14:11,60,57.41773,
2025-01-12 14:11,54.000004,57.33855,
2025-01-12 14:11,54.000004,57.248913,
2025-01-12 14:11,54.000004,57.171043,
2025-01-12 14:11,54.000004,57.099052,
2025-01-12 14:11,60,57.035366,
2025-01-12 14:12,54.000004,56.944485,
2025-01-12 14:12,54.000004,56.93139,
2025-01-12 14:12,48,56.909985,13.500001
2025-01-12 14:12,54.000004,56.857582,
2025-01-12 14:12,54.000004,56.831604,
2025-01-12 14:12,48,56.815742,
2025-01-12 14:12,54.000004,56.815136,
2025-01-12 14:13,72,56.77568,
2025-01-12 14:13,66,56.721504,
2025-01-12 14:13,66,56.6932,
2025-01-12 14:13,66,56.67347,
2025-01-12 14:13,54.000004,56.71998,
2025-01-12 14:13,54.000004,56.740696,
2025-01-12 14:14,48,56.732296,
2025-01-12 14:14,54.000004,56.77307,
2025-01-12 14:14,54.000004,56.81276,
2025-01-12 14:14,,56.81258,15
2025-01-12 14:14,54.000004,56.83613,
2025-01-12 14:14,60,56.88058,
2025-01-12 14:14,60,56.93696,
2025-01-12 14:14,54.000004,56.99738,
2025-01-12 14:15,60,56.99071,
2025-01-12 14:15,66,57.03408,
2025-01-12 14:15,54.000004,57.102833,
2025-01-12 14:15,54.000004,57.155846,
2025-01-12 14:15,60,57.13978,
2025-01-12 14:15,60,57.174133,
2025-01-12 14:16,60,57.274662,
2025-01-12 14:16,54.000004,57.30698,
2025-01-12 14:16,,57.337833,13.000001
2025-01-12 14:16,48,57.347717,
2025-01-12 14:16,66,57.403374,
2025-01-12 14:16,66,57.46046,
2025-01-12 14:16,60,57.538605,
2025-01-12 14:17,54.000004,57.59647,
2025-01-12 14:17,54.000004,57.656322,
2025-01-12 14:17,54.000004,57.737686,
2025-01-12 14:17,54.000004,57.773727,
2025-01-12 14:17,54.000004,57.7501,
2025-01-12 14:17,54.000004,57.751827,
2025-01-12 14:17,60,57.738758,
2025-01-12 14:18,60,57.7161,
2025-01-12 14:18,54.000004,57.75427,
2025-01-12 14:18,48,57.78604,12.500001
2025-01-12 14:18,66,57.830482,
2025-01-12 14:18,60,57.871,
2025-01-12 14:18,60,57.88223,
2025-01-12 14:18,60,57.911304,
2025-01-12 14:19,60,57.961323,
2025-01-12 14:19,60,57.940186,
2025-01-12 14:19,60,57.914196,
2025-01-12 14:19,54.000004,57.90239,
2025-01-12 14:19,66,57.86303,
2025-01-12 14:20,66,57.79857,
2025-01-12 14:20,66,57.76978,
2025-01-12 14:20,48,57.75766,
2025-01-12 14:20,,57.746346,15.500001
2025-01-12 14:20,72,57.685863,
2025-01-12 14:20,54.000004,57.696827,
2025-01-12 14:20,54.000004,57.707733,
2025-01-12 14:20,54.000004,57.682106,
2025-01-12 14:21,60,57.68219,
2025-01-12 14:21,60,57.621128,
2025-01-12 14:21,60,57.56599,
2025-01-12 14:21,60,57.536644,
2025-01-12 14:21,60,57.556267,
2025-01-12 14:21,60,57.556206,
2025-01-12 14:21,54.000004,57.56803,
2025-01-12 14:22,54.000004,57.60205,
2025-01-12 14:22,54.000004,57.61912,
2025-01-12 14:22,,57.61678,19.500002
2025-01-12 14:22,48,57.6233,
2025-01-12 14:22,54.000004,57.63881,
2025-01-12 14:22,54.000004,57.65746,
2025-01-12 14:22,54.000004,57.698547,
2025-01-12 14:23,60,57.706738,
2025-01-12 14:23,54.000004,57.720047,
2025-01-12 14:23,60,57.763,
2025-01-12 14:23,66,57.81281,
2025-01-12 14:23,54.000004,57.868816,
2025-01-12 14:23,54.000004,57.90502,
2025-01-12 14:24,54.000004,57.9595,
2025-01-12 14:24,54.000004,58.044464,
2025-01-12 14:24,54.000004,58.090763,12.500001
2025-01-12 14:24,54.000004,58.141815,
2025-01-12 14:24,60,58.196514,
2025-01-12 14:24,66,58.312332,
2025-01-12 14:24,54.000004,58.42167,
2025-01-12 14:25,72,58.50515,
2025-01-12 14:25,66,58.65775,
2025-01-12 14:25,54.000004,58.737118,
2025-01-12 14:25,60,58.809597,
2025-01-12 14:25,60,58.855297,
2025-01-12 14:25,60,58.921196,
2025-01-12 14:26,60,58.984753,
2025-01-12 14:26,66,59.04577,
2025-01-12 14:26,60,59.104103,
2025-01-12 14:26,,59.15973,17.500002
2025-01-12 14:26,66,59.232067,
2025-01-12 14:26,60,59.2992,
2025-01-12 14:26,54.000004,59.36144,
2025-01-12 14:26,60,59.432144,
2025-01-12 14:27,60,59.503506,
2025-01-12 14:27,54.000004,59.549244,
2025-01-12 14:27,54.000004,59.59194,
2025-01-12 14:27,60,59.657223,
2025-01-12 14:27,54.000004,59.70393,
2025-01-12 14:27,60,59.748764,
2025-01-12 14:27,60,59.7725,
2025-01-12 14:28,60,59.77786,
2025-01-12 14:28,54.000004,59.825706,
2025-01-12 14:28,,59.897034,17.500002
2025-01-12 14:28,60,59.9447,
2025-01-12 14:28,60,59.991085,
2025-01-12 14:28,60,60.036274,
2025-01-12 14:28,60,60.105663,
2025-01-12 14:29,60,60.157764,
2025-01-12 14:29,66,60.195446,
2025-01-12 14:29,72,60.279602,
2025-01-12 14:29,72,60.2823,
2025-01-12 14:29,54.000004,60.311172,
2025-01-12 14:29,54.000004,60.407707,
2025-01-12 14:29,54.000004,60.485962,
2025-01-12 14:30,60,60.55131,
2025-01-12 14:30,60,60.609993,
2025-01-12 14:30,60,60.694435,13.000001
2025-01-12 14:30,60,60.762886,
2025-01-12 14:30,60,60.85682,
2025-01-12 14:30,60,60.94749,
2025-01-12 14:30,60,61.003895,
2025-01-12 14:31,60,61.107346,
2025-01-12 14:31,60,61.258102,
2025-01-12 14:31,60,61.367405,
2025-01-12 14:31,60,61.505013,
2025-01-12 14:31,60,61.643085,
2025-01-12 14:31,66,61.781765,
2025-01-12 14:32,66,61.90174,
2025-01-12 14:32,60,62.04455,
2025-01-12 14:32,60,62.143208,
2025-01-12 14:32,,62.267017,13.000001
2025-01-12 14:32,60,62.393383,
2025-01-12 14:32,66,62.541492,
2025-01-12 14:32,60,62.650696,
2025-01-12 14:32,60,62.75102,
2025-01-12 14:33,60,62.874462,
2025-01-12 14:33,66,62.99836,
2025-01-12 14:33,66,63.122265,
2025-01-12 14:33,66,63.245728,
2025-01-12 14:33,66,63.34883,
2025-01-12 14:33,60,63.43367,
2025-01-12 14:33,60,63.546894,
2025-01-12 14:34,66,63.72406,
2025-01-12 14:34,66,63.898712,
2025-01-12 14:34,,64.045876,14.000001
2025-01-12 14:34,60,64.193665,
2025-01-12 14:34,66,64.31687,
2025-01-12 14:34,66,64.43753,
2025-01-12 14:34,66,64.55551,
2025-01-12 14:35,66,64.67063,
2025-01-12 14:35,60,64.78281,
2025-01-12 14:35,66,64.89189,
2025-01-12 14:35,72,65.023125,
2025-01-12 14:35,66,65.12915,
2025-01-12 14:35,72,65.232155,
2025-01-12 14:35,66,65.3321,
2025-01-12 14:36,66,65.445786,
2025-01-12 14:36,66,65.54752,
2025-01-12 14:36,66,65.626755,13.500001
2025-01-12 14:36,60,65.72494,
2025-01-12 14:36,66,65.84511,
2025-01-12 14:36,66,65.93997,
2025-01-12 14:36,66,66.03172,
2025-01-12 14:37,60,66.10081,
2025-01-12 14:37,60,66.188644,
2025-01-12 14:37,66,66.29825,
2025-01-12 14:37,66,66.38218,
2025-01-12 14:37,66,66.44316,
2025-01-12 14:37,66,66.503044,
2025-01-12 14:38,66,66.561455,
2025-01-12 14:38,66,66.61801,
2025-01-12 14:38,72,66.717155,
2025-01-12 14:38,,66.78924,13.500001
2025-01-12 14:38,72,66.836975,
2025-01-12 14:38,66,66.88229,
2025-01-12 14:38,72,66.93786,
2025-01-12 14:38,66,66.99522,
2025-01-12 14:39,66,67.02746,
2025-01-12 14:39,66,67.05656,
2025-01-12 14:39,66,67.10765,
2025-01-12 14:39,66,67.158554,
2025-01-12 14:39,66,67.20357,
2025-01-12 14:39,72,67.22339,
2025-01-12 14:39,66,67.22072,
2025-01-12 14:40,66,67.24541,
2025-01-12 14:40,66,67.26523,
2025-01-12 14:40,,67.28181,13.000001
2025-01-12 14:40,72,67.29521,
2025-01-12 14:40,66,67.30555,
2025-01-12 14:40,66,67.31288,
2025-01-12 14:40,72,67.36217,
2025-01-12 14:41,66,67.36476,
2025-01-12 14:41,66,67.36528,
2025-01-12 14:41,66,67.36388,
2025-01-12 14:41,66,67.38012,
2025-01-12 14:41,72,67.41747,
2025-01-12 14:41,66,67.409515,
2025-01-12 14:41,66,67.40082,
2025-01-12 14:42,66,67.40833,
2025-01-12 14:42,66,67.425865,
2025-01-12 14:42,66,67.37034,13.000001
2025-01-12 14:42,72,67.383896,
2025-01-12 14:42,66,67.355255,
2025-01-12 14:42,66,67.32859,
2025-01-12 14:42,66,67.303604,
2025-01-12 14:43,66,67.299446,
2025-01-12 14:43,66,67.27435,
2025-01-12 14:43,66,67.2951,
2025-01-12 14:43,66,67.31738,
2025-01-12 14:43,72,67.31622,
2025-01-12 14:43,72,67.33914,
2025-01-12 14:44,66,67.364204,
2025-01-12 14:44,66,67.36635,
2025-01-12 14:44,66,67.34836,
2025-01-12 14:44,,67.377,13.000001
2025-01-12 14:44,72,67.38272,
2025-01-12 14:44,66,67.387794,
2025-01-12 14:44,66,67.32856,
2025-01-12 14:44,66,67.333046,
2025-01-12 14:45,66,67.33607,
2025-01-12 14:45,72,67.36292,
2025-01-12 14:45,66,67.372116,
2025-01-12 14:45,66,67.38007,
2025-01-12 14:45,66,67.38685,
2025-01-12 14:45,66,67.39236,
2025-01-12 14:45,72,67.39659,
2025-01-12 14:46,66,67.38851,
2025-01-12 14:46,66,67.419044,
2025-01-12 14:46,,67.45137,13.000001
2025-01-12 14:46,72,67.485756,
2025-01-12 14:46,54.000004,67.49715,
2025-01-12 14:46,72,67.50774,
2025-01-12 14:46,66,67.523315,
2025-01-12 14:47,66,67.56333,
2025-01-12 14:47,66,67.60571,
2025-01-12 14:47,66,67.6254,
2025-01-12 14:47,66,67.669876,
2025-01-12 14:47,72,67.6918,
2025-01-12 14:47,72,67.7386,
2025-01-12 14:47,66,67.78824,
2025-01-12 14:48,72,67.82138,
2025-01-12 14:48,72,67.86015,
2025-01-12 14:48,66,67.92391,13.000001
2025-01-12 14:48,66,67.99055,
2025-01-12 14:48,72,68.060196,
2025-01-12 14:48,66,68.126465,
2025-01-12 14:48,66,68.1838,
2025-01-12 14:49,54.000004,68.26629,
2025-01-12 14:49,72,68.35173,
2025-01-12 14:49,66,68.44015,
2025-01-12 14:49,72,68.5315,
2025-01-12 14:49,72,68.60631,
2025-01-12 14:49,66,68.68059,
2025-01-12 14:50,66,68.75397,
2025-01-12 14:50,66,68.85128,
2025-01-12 14:50,66,68.95013,
2025-01-12 14:50,,69.03077,13.500001
2025-01-12 14:50,72,69.134445,
2025-01-12 14:50,72,69.23866,
2025-01-12 14:50,72,69.27953,
2025-01-12 14:50,66,69.33416,
2025-01-12 14:51,66,69.44529,
2025-01-12 14:51,72,69.48769,
2025-01-12 14:51,72,69.54673,
2025-01-12 14:51,72,69.59957,
2025-01-12 14:51,66,69.67095,
2025-01-12 14:51,72,69.73842,
2025-01-12 14:51,66,69.786705,
2025-01-12 14:52,72,69.814964,
2025-01-12 14:52,72,69.84533,
2025-01-12 14:52,,69.89833,14.000001
2025-01-12 14:52,72,69.92976,
2025-01-12 14:52,72,69.96289,
2025-01-12 14:52,72,70.01904,
2025-01-12 14:52,72,70.07377,
2025-01-12 14:53,72,70.1045,
2025-01-12 14:53,72,70.158745,
2025-01-12 14:53,72,70.210625,
2025-01-12 14:53,72,70.30674,
2025-01-12 14:53,72,70.32223,
2025-01-12 14:53,72,70.36238,
2025-01-12 14:53,72,70.37456,
2025-01-12 14:54,66,70.38662,
2025-01-12 14:54,66,70.4237,
2025-01-12 14:54,72,70.45587,
2025-01-12 14:54,72,70.48273,
2025-01-12 14:54,72,70.503876,
2025-01-12 14:54,72,70.50969,
2025-01-12 14:54,72,70.491684,
2025-01-12 14:55,60,70.4713,
2025-01-12 14:55,66,70.44777,
2025-01-12 14:55,66,70.45034,
2025-01-12 14:55,66,70.44265,
2025-01-12 14:55,66,70.39283,
2025-01-12 14:55,66,70.33788,
2025-01-12 14:56,72,70.27687,
2025-01-12 14:56,72,70.24261,
